name,x,y,time
Group 2,30.97,10.0,2025-08-01 12:59:43.708291
Group 2,30.57,10.5,2025-08-01 12:59:44.706187
Group 2,30.44,10.89,2025-08-01 12:59:45.706498
Group 2,30.28,11.34,2025-08-01 12:59:46.706193
Group 2,30.18,11.81,2025-08-01 12:59:47.706045
Group 2,30.11,14.56,2025-08-01 12:59:55.706534
Group 2,30.45,15.86,2025-08-01 12:59:56.706691
Group 2,30.79,16.58,2025-08-01 12:59:57.706197
Group 2,31.19,16.96,2025-08-01 12:59:58.206362
Group 2,32.04,18.24,2025-08-01 13:00:03.206931
Group 2,32.2,18.41,2025-08-01 13:00:06.20653
Group 2,32.24,18.46,2025-08-01 13:00:07.207038
Group 2,33.33,20.01,2025-08-01 13:00:31.206336
Group 2,33.38,20.11,2025-08-01 13:00:33.206461
Group 2,33.4,20.2,2025-08-01 13:00:34.206179
Group 2,33.45,20.27,2025-08-01 13:00:42.206727
Group 2,33.49,20.31,2025-08-01 13:00:44.206699
Group 2,33.5,20.37,2025-08-01 13:00:45.20696
Group 2,33.51,20.37,2025-08-01 13:00:57.211574
Group 2,33.43,20.36,2025-08-01 13:01:00.20675
Group 2,33.36,20.43,2025-08-01 13:01:01.206528
Group 2,33.3,20.46,2025-08-01 13:01:02.205794
Group 2,33.34,20.45,2025-08-01 13:01:04.206291
Group 2,33.36,20.43,2025-08-01 13:01:05.206661
Group 2,33.36,20.43,2025-08-01 13:01:07.206368
Group 2,33.36,20.44,2025-08-01 13:01:11.206109
Group 2,33.36,20.44,2025-08-01 13:01:14.206661
Group 2,33.4,20.46,2025-08-01 13:01:17.206614
Group 2,33.44,20.38,2025-08-01 13:01:18.206719
Group 2,33.45,20.43,2025-08-01 13:01:20.206294
Group 2,33.48,20.46,2025-08-01 13:01:21.20602
Group 2,33.47,20.49,2025-08-01 13:01:26.206565
Group 2,33.49,20.5,2025-08-01 13:01:27.206597
Group 2,33.47,20.5,2025-08-01 13:01:28.205859
Group 2,33.48,20.51,2025-08-01 13:01:29.209454
Group 2,33.45,20.48,2025-08-01 13:01:42.70689
Group 2,33.44,20.51,2025-08-01 13:01:43.206041
Group 2,33.43,20.48,2025-08-01 13:01:43.706869
Group 2,33.45,20.51,2025-08-01 13:01:46.706205
Group 2,33.45,20.44,2025-08-01 13:01:48.705893
Group 2,33.45,20.44,2025-08-01 13:01:49.706131
Group 2,33.42,20.49,2025-08-01 13:01:53.706707
Group 2,33.48,20.53,2025-08-01 13:01:55.706331
Group 2,33.51,20.63,2025-08-01 13:02:02.706703
Group 2,33.56,20.58,2025-08-01 13:02:03.706417
Group 2,33.58,20.52,2025-08-01 13:02:04.706576
Group 2,33.55,20.53,2025-08-01 13:02:05.710439
Group 2,33.57,20.55,2025-08-01 13:02:06.706409
Group 2,33.61,20.57,2025-08-01 13:02:08.708737
Group 2,33.61,20.62,2025-08-01 13:02:10.706636
Group 2,33.61,20.59,2025-08-01 13:02:12.706432
Group 2,33.63,20.68,2025-08-01 13:02:13.706242
Group 2,33.66,20.65,2025-08-01 13:02:20.706027
Group 2,33.67,20.69,2025-08-01 13:02:21.706556
Group 2,33.68,20.74,2025-08-01 13:02:22.707134
Group 2,33.68,20.66,2025-08-01 13:02:24.70627
Group 2,33.7,20.6,2025-08-01 13:02:26.707595
Group 2,33.68,20.58,2025-08-01 13:02:27.706168
Group 2,33.66,20.53,2025-08-01 13:02:28.706115
Group 2,33.65,20.62,2025-08-01 13:02:31.706273
Group 2,33.66,20.7,2025-08-01 13:02:32.709128
Group 2,33.62,20.71,2025-08-01 13:03:13.708501
Group 2,33.59,20.72,2025-08-01 13:03:14.707208
Group 2,33.63,20.75,2025-08-01 13:03:17.706383
Group 2,33.63,20.66,2025-08-01 13:03:20.706129
Group 2,33.62,20.69,2025-08-01 13:03:21.707598
Group 2,33.63,20.58,2025-08-01 13:03:22.708078
Group 2,33.67,20.58,2025-08-01 13:03:25.706686
Group 2,33.66,20.63,2025-08-01 13:03:31.706543
Group 2,33.66,20.69,2025-08-01 13:03:32.706724
Group 2,33.66,20.63,2025-08-01 13:03:34.709528
Group 2,33.67,20.78,2025-08-01 13:03:37.706349
Group 2,33.66,20.82,2025-08-01 13:03:54.706133
Group 2,33.66,20.84,2025-08-01 13:03:55.706176
Group 2,33.65,20.85,2025-08-01 13:03:57.706455
Group 2,33.68,20.78,2025-08-01 13:04:00.707224
Group 2,33.72,20.72,2025-08-01 13:04:01.205884
Group 2,33.73,20.66,2025-08-01 13:04:01.708624
Group 2,33.75,20.65,2025-08-01 13:04:02.206083
Group 2,33.77,20.64,2025-08-01 13:04:02.706368
Group 2,33.76,20.71,2025-08-01 13:04:03.20611
Group 2,33.75,20.7,2025-08-01 13:04:08.206037
Group 2,33.72,20.76,2025-08-01 13:04:17.211517
Group 2,33.71,20.28,2025-08-01 13:04:20.207659
Group 2,33.68,20.42,2025-08-01 13:04:22.20846
Group 2,33.68,20.53,2025-08-01 13:04:23.206503
Group 2,33.68,20.08,2025-08-01 13:04:24.207462
Group 2,33.66,20.35,2025-08-01 13:04:25.206772
Group 2,33.66,20.53,2025-08-01 13:04:26.206404
Group 2,33.65,20.59,2025-08-01 13:04:28.206214
Group 2,33.63,20.68,2025-08-01 13:04:29.209441
Group 2,33.67,20.16,2025-08-01 13:04:30.208101
Group 2,33.69,19.75,2025-08-01 13:04:31.206109
Group 2,33.69,19.46,2025-08-01 13:04:32.205929
Group 2,33.69,19.23,2025-08-01 13:04:33.206169
Group 2,33.69,19.04,2025-08-01 13:04:37.209175
Group 2,33.68,18.9,2025-08-01 13:04:38.206527
Group 2,33.68,18.97,2025-08-01 13:04:40.206126
Group 2,33.68,19.51,2025-08-01 13:04:41.206515
Group 2,33.68,19.91,2025-08-01 13:04:42.208239
Group 2,33.7,19.59,2025-08-01 13:04:43.205971
Group 2,33.7,19.91,2025-08-01 13:04:44.209868
Group 2,33.7,20.16,2025-08-01 13:04:45.207231
Group 2,33.7,19.78,2025-08-01 13:04:47.206553
Group 2,33.72,19.47,2025-08-01 13:04:48.207495
Group 2,33.71,19.82,2025-08-01 13:04:50.20637
Group 2,33.68,19.97,2025-08-01 13:04:54.20661
Group 2,33.68,19.68,2025-08-01 13:04:55.207874
Group 2,33.69,19.52,2025-08-01 13:04:56.20719
Group 2,33.68,19.72,2025-08-01 13:04:57.206716
Group 2,33.68,19.98,2025-08-01 13:04:58.208083
Group 2,33.67,20.19,2025-08-01 13:04:59.209436
Group 2,33.68,20.35,2025-08-01 13:05:00.207034
Group 2,33.69,20.23,2025-08-01 13:05:01.206514
Group 2,33.68,20.41,2025-08-01 13:05:02.206459
Group 2,33.68,20.52,2025-08-01 13:05:03.206941
Group 2,33.66,20.62,2025-08-01 13:05:04.206687
Group 2,33.65,20.65,2025-08-01 13:05:05.206073
Group 2,33.65,20.7,2025-08-01 13:05:06.207898
Group 2,33.65,20.75,2025-08-01 13:05:07.216026
Group 2,33.65,20.84,2025-08-01 13:05:08.206586
Group 2,33.69,20.83,2025-08-01 13:05:11.206559
Group 2,33.69,20.87,2025-08-01 13:05:15.206341
Group 2,33.75,20.63,2025-08-01 13:05:21.207802
Group 2,33.78,20.71,2025-08-01 13:05:22.207137
Group 2,33.79,20.76,2025-08-01 13:05:34.206822
Group 2,33.83,20.79,2025-08-01 13:05:35.206616
Group 2,33.82,20.81,2025-08-01 13:05:36.20642
Group 2,33.92,20.66,2025-08-01 13:05:38.209023
Group 2,33.94,20.82,2025-08-01 13:05:39.209871
Group 2,33.98,20.94,2025-08-01 13:05:43.208579
Group 2,33.99,20.62,2025-08-01 13:05:45.206353
Group 2,33.95,20.89,2025-08-01 13:05:45.706531
Group 2,33.89,21.05,2025-08-01 13:05:46.206734
Group 2,33.86,20.95,2025-08-01 13:05:48.706208
Group 2,33.78,20.74,2025-08-01 13:05:51.706976
Group 2,33.74,20.66,2025-08-01 13:05:54.705928
Group 2,33.8,20.23,2025-08-01 13:05:56.706494
Group 2,33.8,20.51,2025-08-01 13:05:59.706841
Group 2,33.82,20.59,2025-08-01 13:06:02.706506
Group 2,33.87,20.28,2025-08-01 13:06:10.207514
Group 2,33.9,19.94,2025-08-01 13:06:10.707361
Group 2,33.84,20.3,2025-08-01 13:06:15.207331
Group 2,33.83,20.36,2025-08-01 13:06:17.206475
Group 2,33.83,20.44,2025-08-01 13:06:26.205849
Group 2,33.81,20.26,2025-08-01 13:06:28.20893
Group 2,33.82,20.37,2025-08-01 13:06:31.206332
Group 2,33.84,20.47,2025-08-01 13:06:32.206995
Group 2,33.85,20.44,2025-08-01 13:06:33.206724
Group 2,33.87,20.6,2025-08-01 13:06:40.206909
Group 2,33.86,20.66,2025-08-01 13:06:41.208892
Group 2,33.85,20.26,2025-08-01 13:06:42.206252
Group 2,33.84,20.52,2025-08-01 13:06:46.206317
Group 2,33.84,20.6,2025-08-01 13:06:54.206197
Group 2,33.86,20.65,2025-08-01 13:06:55.206025
Group 2,33.88,20.57,2025-08-01 13:06:56.208442
Group 2,33.86,20.64,2025-08-01 13:06:58.206675
Group 2,33.86,20.75,2025-08-01 13:06:59.209452
Group 2,33.87,20.28,2025-08-01 13:07:01.208145
Group 2,33.88,20.12,2025-08-01 13:07:02.207101
Group 2,33.89,19.79,2025-08-01 13:07:03.20675
Group 2,33.91,19.57,2025-08-01 13:07:10.210222
Group 2,33.9,19.85,2025-08-01 13:07:16.206507
Group 2,33.9,20.04,2025-08-01 13:07:18.206517
Group 2,33.88,20.23,2025-08-01 13:07:22.206848
Group 2,33.89,19.83,2025-08-01 13:07:23.206265
Group 2,33.83,20.26,2025-08-01 13:07:24.206535
Group 2,33.85,20.14,2025-08-01 13:07:27.205955
Group 2,33.88,19.83,2025-08-01 13:07:28.206603
Group 2,33.89,19.98,2025-08-01 13:07:30.207529
Group 2,33.89,20.18,2025-08-01 13:07:31.207291
Group 2,33.9,20.28,2025-08-01 13:07:32.207574
Group 2,33.92,20.41,2025-08-01 13:07:33.206447
Group 2,33.91,20.59,2025-08-01 13:07:34.206401
Group 2,33.92,20.65,2025-08-01 13:07:35.205929
Group 2,33.93,20.48,2025-08-01 13:07:36.206241
Group 2,33.93,20.64,2025-08-01 13:07:37.207554
Group 2,33.93,20.65,2025-08-01 13:07:38.20755
Group 2,33.93,20.73,2025-08-01 13:07:39.206265
Group 2,33.92,20.82,2025-08-01 13:07:40.207317
Group 2,33.9,20.88,2025-08-01 13:07:46.206564
Group 2,33.91,20.82,2025-08-01 13:07:47.207027
Group 2,33.91,20.82,2025-08-01 13:07:48.206427
Group 2,33.91,20.85,2025-08-01 13:07:50.206824
Group 2,33.91,20.84,2025-08-01 13:07:51.206257
Group 2,33.9,20.84,2025-08-01 13:07:54.206677
Group 2,33.92,20.77,2025-08-01 13:07:56.206085
Group 2,33.91,20.68,2025-08-01 13:07:58.208807
Group 2,33.89,20.56,2025-08-01 13:08:43.20681
Group 2,33.89,20.49,2025-08-01 13:09:24.206494
Group 2,33.88,20.45,2025-08-01 13:09:34.206854
Group 2,33.85,20.63,2025-08-01 13:09:39.20694
Group 2,33.83,20.56,2025-08-01 13:09:53.20577
Group 2,33.84,20.6,2025-08-01 13:10:14.207423
Group 2,33.84,20.52,2025-08-01 13:10:15.206273
Group 2,33.88,20.49,2025-08-01 13:10:26.205981
Group 2,33.87,20.44,2025-08-01 13:10:29.209487
Group 2,33.9,20.02,2025-08-01 13:10:32.206083
Group 2,33.71,19.73,2025-08-01 13:10:33.205987
Group 2,33.43,19.77,2025-08-01 13:10:33.705602
Group 2,32.51,19.43,2025-08-01 13:12:08.205592
Group 2,32.57,20.04,2025-08-01 13:14:17.706052
Group 2,32.55,20.14,2025-08-01 13:14:21.709202
Group 2,32.61,20.14,2025-08-01 13:16:03.205306
Group 2,32.61,20.03,2025-08-01 13:16:07.205917
Group 2,32.55,19.99,2025-08-01 13:17:00.205688
Group 2,32.47,19.83,2025-08-01 13:19:25.205552
Group 2,32.43,19.84,2025-08-01 13:19:59.205786
Group 2,32.84,19.54,2025-08-01 13:20:45.205328
Group 2,32.63,19.54,2025-08-01 13:21:10.705756
Group 2,33.37,19.74,2025-08-01 13:21:59.705402
Group 2,33.92,20.21,2025-08-01 13:22:00.20542
Group 2,35.14,20.27,2025-08-01 13:22:01.20544
Group 2,35.82,20.27,2025-08-01 13:22:01.705425
Group 2,37.38,20.21,2025-08-01 13:22:03.205712
Group 2,38.4,20.46,2025-08-01 13:22:04.705528
Group 2,39.25,20.16,2025-08-01 13:22:05.205613
Group 2,39.96,19.57,2025-08-01 13:22:05.709539
Group 2,40.54,19.13,2025-08-01 13:22:06.209928
Group 2,40.97,18.58,2025-08-01 13:22:06.706508
Group 2,41.95,17.82,2025-08-01 13:22:21.205445
Group 2,42.53,17.24,2025-08-01 13:22:35.207467
Group 2,43.08,16.82,2025-08-01 13:22:39.205406
Group 2,42.84,16.34,2025-08-01 13:22:52.20524
Group 2,42.46,16.08,2025-08-01 13:22:53.20514
Group 2,42.87,16.47,2025-08-01 13:22:55.2054
Group 2,43.13,16.86,2025-08-01 13:22:56.205676
Group 2,43.28,17.16,2025-08-01 13:22:57.205319
Group 2,42.98,17.27,2025-08-01 13:22:58.206971
Group 2,43.46,16.7,2025-08-01 13:23:48.20627
Group 2,43.82,16.27,2025-08-01 13:23:49.204968
Group 2,44.08,15.95,2025-08-01 13:23:50.20585
Group 2,44.27,15.71,2025-08-01 13:23:51.206582
Group 2,44.44,15.53,2025-08-01 13:23:53.20513
Group 2,44.58,15.39,2025-08-01 13:23:54.205586
Group 2,44.71,15.3,2025-08-01 13:23:57.206872
Group 2,44.86,15.25,2025-08-01 13:23:59.209533
Group 2,44.88,15.18,2025-08-01 13:24:00.205084
Group 2,44.86,15.14,2025-08-01 13:24:01.205212
Group 2,44.89,15.11,2025-08-01 13:24:02.207266
Group 2,44.5,15.05,2025-08-01 13:24:03.20628
Group 2,44.64,15.2,2025-08-01 13:24:10.205176
Group 2,43.98,15.22,2025-08-01 13:24:22.20551
Group 2,43.57,15.25,2025-08-01 13:24:23.205334
Group 2,43.24,15.26,2025-08-01 13:24:28.205479
Group 2,42.95,15.27,2025-08-01 13:24:30.205132
Group 2,43.44,15.35,2025-08-01 13:24:31.20515
Group 2,43.75,15.39,2025-08-01 13:24:32.205286
Group 2,43.92,15.43,2025-08-01 13:24:43.205022
Group 2,43.94,15.41,2025-08-01 13:25:03.206042
Group 2,44.0,15.43,2025-08-01 13:25:04.205434
Group 2,43.94,15.41,2025-08-01 13:25:10.20694
Group 2,44.02,15.43,2025-08-01 13:25:51.205517
Group 2,44.12,15.48,2025-08-01 13:25:54.205301
Group 2,44.23,15.54,2025-08-01 13:25:55.205516
Group 2,44.16,15.54,2025-08-01 13:26:09.205244
Group 2,44.15,15.47,2025-08-01 13:26:20.208017
Group 2,43.74,15.41,2025-08-01 13:26:25.209516
Group 2,43.42,15.35,2025-08-01 13:26:26.205459
Group 2,43.14,15.11,2025-08-01 13:26:30.205589
Group 2,42.84,15.15,2025-08-01 13:26:31.206322
Group 2,42.88,14.98,2025-08-01 13:26:32.205337
Group 2,42.74,15.06,2025-08-01 13:26:33.205198
Group 2,42.31,15.11,2025-08-01 13:26:34.205199
Group 2,42.04,15.13,2025-08-01 13:26:35.205905
Group 2,41.78,15.19,2025-08-01 13:26:36.20506
Group 2,41.53,15.25,2025-08-01 13:26:37.205437
Group 2,41.41,15.25,2025-08-01 13:26:38.205422
Group 2,42.15,15.31,2025-08-01 13:26:43.205396
Group 2,42.23,15.31,2025-08-01 13:26:44.205113
Group 2,42.66,15.38,2025-08-01 13:26:45.205026
Group 2,42.97,15.36,2025-08-01 13:26:47.206235
Group 2,43.3,15.42,2025-08-01 13:26:48.205704
Group 2,43.43,15.42,2025-08-01 13:26:49.211608
Group 2,43.57,15.45,2025-08-01 13:26:50.204941
Group 2,43.66,15.47,2025-08-01 13:26:51.205556
Group 2,43.74,15.49,2025-08-01 13:26:55.206115
Group 2,43.42,15.47,2025-08-01 13:26:56.20837
Group 2,43.64,15.53,2025-08-01 13:26:59.205255
Group 2,43.38,15.5,2025-08-01 13:27:03.205418
Group 2,43.7,15.57,2025-08-01 13:27:05.208204
Group 2,43.87,15.62,2025-08-01 13:27:10.205738
Group 2,44.11,15.67,2025-08-01 13:27:11.206812
Group 2,43.73,15.62,2025-08-01 13:27:12.205142
Group 2,43.82,15.62,2025-08-01 13:27:13.20678
Group 2,43.52,15.6,2025-08-01 13:27:14.208609
Group 2,43.33,15.58,2025-08-01 13:27:15.206548
Group 2,43.19,15.57,2025-08-01 13:27:16.205235
Group 2,43.49,15.62,2025-08-01 13:27:17.205242
Group 2,43.68,15.65,2025-08-01 13:27:19.205426
Group 2,43.94,15.7,2025-08-01 13:27:27.206106
Group 2,43.94,15.67,2025-08-01 13:27:34.205044
Group 2,43.98,15.65,2025-08-01 13:27:35.205949
Group 2,44.01,15.63,2025-08-01 13:27:36.205405
Group 2,44.11,15.64,2025-08-01 13:27:38.2055
Group 2,44.12,15.64,2025-08-01 13:27:39.205497
Group 2,44.24,15.67,2025-08-01 13:27:43.205475
Group 2,43.84,15.62,2025-08-01 13:27:44.205575
Group 2,44.0,15.64,2025-08-01 13:27:45.205468
Group 2,43.62,15.61,2025-08-01 13:27:46.205357
Group 2,43.82,15.63,2025-08-01 13:27:48.205347
Group 2,43.98,15.63,2025-08-01 13:27:51.205545
Group 2,44.14,15.66,2025-08-01 13:27:53.206016
Group 2,44.17,15.68,2025-08-01 13:27:55.205793
Group 2,44.29,15.71,2025-08-01 13:27:56.205504
Group 2,43.95,15.64,2025-08-01 13:28:01.207321
Group 2,43.65,15.59,2025-08-01 13:28:02.205309
Group 2,43.44,15.56,2025-08-01 13:28:04.20525
Group 2,43.28,15.53,2025-08-01 13:28:05.208408
Group 2,43.46,15.51,2025-08-01 13:28:20.205207
Group 2,43.16,15.47,2025-08-01 13:28:21.205673
Group 2,43.48,15.5,2025-08-01 13:28:23.205269
Group 2,43.29,15.46,2025-08-01 13:28:24.205323
Group 2,42.99,15.44,2025-08-01 13:28:25.205353
Group 2,43.14,15.43,2025-08-01 13:28:29.205472
Group 2,42.99,15.43,2025-08-01 13:28:30.205615
Group 2,42.89,15.41,2025-08-01 13:28:31.205762
Group 2,43.1,15.42,2025-08-01 13:28:32.207106
Group 2,42.99,15.4,2025-08-01 13:28:34.205662
Group 2,42.9,15.4,2025-08-01 13:28:35.205125
Group 2,43.41,15.48,2025-08-01 13:28:37.206643
Group 2,43.48,15.46,2025-08-01 13:28:39.205533
Group 2,43.79,15.48,2025-08-01 13:28:41.205604
Group 2,43.91,15.49,2025-08-01 13:28:55.205716
Group 2,43.56,15.47,2025-08-01 13:28:57.205519
Group 2,43.31,15.45,2025-08-01 13:28:58.207583
Group 2,43.1,15.42,2025-08-01 13:29:01.205008
Group 2,42.73,15.36,2025-08-01 13:29:05.204902
Group 2,42.97,15.4,2025-08-01 13:29:06.207334
Group 2,42.97,15.39,2025-08-01 13:29:15.205415
Group 2,42.73,15.34,2025-08-01 13:29:16.206265
Group 2,42.47,15.35,2025-08-01 13:29:17.205661
Group 2,42.8,15.39,2025-08-01 13:29:18.205438
Group 2,42.71,15.39,2025-08-01 13:29:19.204927
Group 2,42.56,15.37,2025-08-01 13:29:20.20526
Group 2,43.19,15.48,2025-08-01 13:29:21.205219
Group 2,43.32,15.48,2025-08-01 13:29:23.205278
Group 2,43.21,15.49,2025-08-01 13:29:24.205399
Group 2,43.11,15.35,2025-08-01 13:29:25.205137
Group 2,42.83,15.38,2025-08-01 13:29:26.204986
Group 2,42.69,15.35,2025-08-01 13:29:27.205575
Group 2,43.0,15.4,2025-08-01 13:29:29.205479
Group 2,42.74,15.4,2025-08-01 13:29:30.205117
Group 2,42.82,15.35,2025-08-01 13:29:31.205785
Group 2,42.77,15.29,2025-08-01 13:29:32.205894
Group 2,43.17,15.39,2025-08-01 13:29:33.205752
Group 2,43.15,15.41,2025-08-01 13:29:34.205278
Group 2,42.76,15.33,2025-08-01 13:29:35.205272
Group 2,42.48,15.26,2025-08-01 13:29:36.20535
Group 2,42.61,15.32,2025-08-01 13:29:37.204912
Group 2,42.89,15.36,2025-08-01 13:29:38.2052
Group 2,42.71,15.36,2025-08-01 13:29:39.207698
Group 2,42.57,15.34,2025-08-01 13:29:40.205756
Group 2,42.39,15.33,2025-08-01 13:29:41.205435
Group 2,42.2,15.32,2025-08-01 13:29:42.205122
Group 2,42.32,15.34,2025-08-01 13:29:43.210988
Group 2,42.28,15.34,2025-08-01 13:29:44.20535
Group 2,42.31,15.33,2025-08-01 13:29:46.206498
Group 2,42.3,15.36,2025-08-01 13:29:47.205532
Group 2,42.36,15.38,2025-08-01 13:29:48.205337
Group 2,42.31,15.38,2025-08-01 13:29:49.217993
Group 2,42.29,15.39,2025-08-01 13:29:50.210768
Group 2,42.3,15.38,2025-08-01 13:29:51.20571
Group 2,42.28,15.38,2025-08-01 13:29:52.205296
Group 2,42.25,15.38,2025-08-01 13:29:53.205074
Group 2,42.58,15.42,2025-08-01 13:29:54.205017
Group 2,42.88,15.44,2025-08-01 13:29:55.205109
Group 2,43.23,15.48,2025-08-01 13:29:57.205251
Group 2,43.11,15.47,2025-08-01 13:29:58.205271
Group 2,42.9,15.46,2025-08-01 13:29:59.205024
Group 2,42.78,15.45,2025-08-01 13:30:01.205218
Group 2,42.81,15.44,2025-08-01 13:30:02.205234
Group 2,42.61,15.36,2025-08-01 13:30:02.704801
Group 2,42.52,15.35,2025-08-01 13:30:03.20492
Group 2,42.4,15.24,2025-08-01 13:30:03.704855
Group 2,42.47,15.23,2025-08-01 13:30:04.205009
Group 2,42.75,15.21,2025-08-01 13:30:04.705181
Group 2,43.21,15.23,2025-08-01 13:30:05.705063
Group 2,43.34,15.19,2025-08-01 13:30:08.705265
Group 2,43.44,15.18,2025-08-01 13:30:10.70565
Group 2,43.16,15.14,2025-08-01 13:30:11.705419
Group 2,42.66,15.11,2025-08-01 13:30:12.705224
Group 2,42.31,15.09,2025-08-01 13:30:13.705311
Group 2,42.07,15.08,2025-08-01 13:30:14.704945
Group 2,42.51,15.09,2025-08-01 13:30:15.704966
Group 2,42.19,15.07,2025-08-01 13:30:16.706807
Group 2,41.97,15.06,2025-08-01 13:30:17.705211
Group 2,41.82,15.04,2025-08-01 13:30:18.705309
Group 2,41.69,15.03,2025-08-01 13:30:19.704893
Group 2,41.75,15.12,2025-08-01 13:30:20.705175
Group 2,41.84,15.43,2025-08-01 13:30:21.704986
Group 2,42.1,15.91,2025-08-01 13:30:22.205191
Group 2,42.31,16.39,2025-08-01 13:30:22.705922
Group 2,42.49,16.85,2025-08-01 13:30:23.206798
Group 2,42.09,17.26,2025-08-01 13:30:24.210822
Group 2,41.77,17.59,2025-08-01 13:30:24.706654
Group 2,41.53,17.88,2025-08-01 13:30:25.205222
Group 2,41.4,18.15,2025-08-01 13:30:25.706398
Group 2,41.24,18.38,2025-08-01 13:30:26.705104
Group 2,41.11,18.5,2025-08-01 13:30:27.705928
Group 2,41.03,18.6,2025-08-01 13:30:28.706824
Group 2,41.03,18.72,2025-08-01 13:30:29.705052
Group 2,41.15,18.82,2025-08-01 13:30:30.705187
Group 2,41.02,18.88,2025-08-01 13:30:31.705175
Group 2,40.96,18.9,2025-08-01 13:30:32.705107
Group 2,40.89,18.9,2025-08-01 13:30:33.706563
Group 2,40.89,18.92,2025-08-01 13:30:34.705423
Group 2,40.87,18.96,2025-08-01 13:30:35.705517
Group 2,40.8,19.02,2025-08-01 13:30:36.705475
Group 2,40.77,19.06,2025-08-01 13:30:37.705562
Group 2,40.77,19.07,2025-08-01 13:30:38.70514
Group 2,40.76,19.08,2025-08-01 13:30:39.704928
Group 2,40.73,19.13,2025-08-01 13:30:40.704945
Group 2,40.72,19.17,2025-08-01 13:30:41.705013
Group 2,40.71,19.14,2025-08-01 13:30:42.705775
Group 2,40.71,19.13,2025-08-01 13:30:43.706098
Group 2,40.7,19.12,2025-08-01 13:30:44.70502
Group 2,40.71,19.16,2025-08-01 13:30:45.705219
Group 2,40.7,19.18,2025-08-01 13:30:46.705129
Group 2,40.69,19.1,2025-08-01 13:30:47.705232
Group 2,40.69,19.08,2025-08-01 13:30:48.705043
Group 2,40.69,19.11,2025-08-01 13:30:49.705082
Group 2,40.71,19.06,2025-08-01 13:30:50.705174
Group 2,40.7,19.1,2025-08-01 13:30:51.705961
Group 2,40.68,19.18,2025-08-01 13:30:52.708285
Group 2,40.64,19.69,2025-08-01 13:30:53.705991
Group 2,40.62,20.14,2025-08-01 13:30:54.705239
Group 2,40.6,20.46,2025-08-01 13:30:55.706264
Group 2,40.57,20.7,2025-08-01 13:30:56.705658
Group 2,40.58,20.88,2025-08-01 13:30:57.706146
Group 2,40.59,20.47,2025-08-01 13:30:58.706374
Group 2,40.56,20.72,2025-08-01 13:31:00.332375
Group 2,40.56,20.32,2025-08-01 13:31:00.705143
Group 2,40.57,20.21,2025-08-01 13:31:01.705474
Group 2,40.56,20.48,2025-08-01 13:31:02.705329
Group 2,40.57,20.15,2025-08-01 13:31:03.705023
Group 2,40.57,20.2,2025-08-01 13:31:04.706469
Group 2,40.57,20.27,2025-08-01 13:31:05.705355
Group 2,40.59,20.3,2025-08-01 13:31:06.705147
Group 2,40.59,20.01,2025-08-01 13:31:07.705017
Group 2,40.61,19.84,2025-08-01 13:31:08.705148
Group 2,40.61,19.73,2025-08-01 13:31:09.705254
Group 2,40.6,19.85,2025-08-01 13:31:10.705001
Group 2,40.61,19.93,2025-08-01 13:31:11.707229
Group 2,40.65,19.72,2025-08-01 13:31:12.705973
Group 2,40.6,19.87,2025-08-01 13:31:13.705382
Group 2,40.57,20.19,2025-08-01 13:31:14.705901
Group 2,40.56,20.4,2025-08-01 13:31:15.713547
Group 2,40.55,20.65,2025-08-01 13:31:16.705599
Group 2,40.56,20.64,2025-08-01 13:31:18.705021
Group 2,40.55,20.4,2025-08-01 13:31:19.705298
Group 2,40.56,20.74,2025-08-01 13:31:20.705599
Group 2,40.56,20.72,2025-08-01 13:31:21.705301
Group 2,40.57,20.33,2025-08-01 13:31:22.705845
Group 2,40.57,20.04,2025-08-01 13:31:23.705265
Group 2,40.58,19.98,2025-08-01 13:31:24.704968
Group 2,40.58,19.76,2025-08-01 13:31:25.704834
Group 2,40.59,19.62,2025-08-01 13:31:26.705066
Group 2,40.59,19.74,2025-08-01 13:31:27.704834
Group 2,40.59,19.61,2025-08-01 13:31:28.706604
Group 2,40.58,19.67,2025-08-01 13:31:29.705734
Group 2,40.56,20.05,2025-08-01 13:31:30.708573
Group 2,40.57,19.9,2025-08-01 13:31:31.705411
Group 2,40.58,19.8,2025-08-01 13:31:32.707324
Group 2,40.58,19.78,2025-08-01 13:31:33.710769
Group 2,40.59,19.77,2025-08-01 13:31:34.705983
Group 2,40.55,20.1,2025-08-01 13:31:35.705123
Group 2,40.56,20.16,2025-08-01 13:31:36.705075
Group 2,40.56,20.43,2025-08-01 13:31:37.704925
Group 2,40.55,20.45,2025-08-01 13:31:38.705482
Group 2,40.55,20.64,2025-08-01 13:31:39.705476
Group 2,40.54,20.75,2025-08-01 13:31:40.705503
Group 2,40.56,20.63,2025-08-01 13:31:41.704917
Group 2,40.56,20.77,2025-08-01 13:31:42.705232
Group 2,40.56,20.89,2025-08-01 13:31:43.705146
Group 2,40.56,20.95,2025-08-01 13:31:44.705001
Group 2,40.56,21.04,2025-08-01 13:31:45.706032
Group 2,40.55,21.08,2025-08-01 13:31:46.705296
Group 2,40.54,21.12,2025-08-01 13:31:47.705211
Group 2,40.55,21.12,2025-08-01 13:31:48.705528
Group 2,40.55,20.92,2025-08-01 13:31:49.705007
Group 2,40.53,21.0,2025-08-01 13:31:50.707306
Group 2,40.55,21.07,2025-08-01 13:31:51.705616
Group 2,40.49,21.02,2025-08-01 13:31:52.705136
Group 2,40.48,21.01,2025-08-01 13:31:53.705001
Group 2,40.51,20.93,2025-08-01 13:31:54.704939
Group 2,40.66,20.48,2025-08-01 13:31:55.204775
Group 2,41.02,19.72,2025-08-01 13:31:56.206157
Group 2,41.54,18.95,2025-08-01 13:31:56.705505
Group 2,42.17,18.24,2025-08-01 13:31:57.212462
Group 2,42.44,17.55,2025-08-01 13:31:57.70573
Group 2,42.77,16.86,2025-08-01 13:31:58.705497
Group 2,42.24,16.2,2025-08-01 13:31:59.252276
Group 2,41.89,15.61,2025-08-01 13:31:59.705139
Group 2,41.63,15.28,2025-08-01 13:32:00.217129
Group 2,41.48,15.06,2025-08-01 13:32:00.705724
Group 2,41.37,14.93,2025-08-01 13:32:01.213598
Group 2,41.14,14.78,2025-08-01 13:32:02.206
Group 2,40.88,14.83,2025-08-01 13:32:03.211564
Group 2,40.62,14.76,2025-08-01 13:32:04.21189
Group 2,40.66,14.92,2025-08-01 13:32:05.205225
Group 2,40.7,15.04,2025-08-01 13:32:06.205483
Group 2,40.78,15.15,2025-08-01 13:32:06.704903
Group 2,40.71,15.17,2025-08-01 13:32:07.205525
Group 2,40.65,15.17,2025-08-01 13:32:07.705302
Group 2,40.87,15.19,2025-08-01 13:32:08.205494
Group 2,40.56,15.11,2025-08-01 13:32:08.705294
Group 2,40.48,15.11,2025-08-01 13:32:09.205413
Group 2,40.74,15.15,2025-08-01 13:32:09.705136
Group 2,40.87,15.17,2025-08-01 13:32:10.705809
Group 2,40.88,15.14,2025-08-01 13:32:11.705629
Group 2,40.98,15.17,2025-08-01 13:32:13.705528
Group 2,40.98,15.18,2025-08-01 13:32:14.704841
Group 2,41.02,15.18,2025-08-01 13:32:15.705545
Group 2,41.03,15.19,2025-08-01 13:32:16.705194
Group 2,40.77,15.11,2025-08-01 13:32:17.7048
Group 2,40.85,15.15,2025-08-01 13:32:18.704845
Group 2,40.82,15.17,2025-08-01 13:32:20.7052
Group 2,40.69,15.11,2025-08-01 13:32:21.706431
Group 2,40.72,15.14,2025-08-01 13:32:22.705241
Group 2,40.57,15.09,2025-08-01 13:32:23.704765
Group 2,40.52,15.11,2025-08-01 13:32:24.705171
Group 2,40.48,15.14,2025-08-01 13:32:25.704883
Group 2,40.18,15.04,2025-08-01 13:32:26.705093
Group 2,40.07,14.99,2025-08-01 13:32:27.705188
Group 2,39.91,14.93,2025-08-01 13:32:28.705319
Group 2,39.89,14.93,2025-08-01 13:32:29.705508
Group 2,39.9,14.94,2025-08-01 13:32:30.705154
Group 2,39.9,14.92,2025-08-01 13:32:31.705057
Group 2,40.24,14.97,2025-08-01 13:32:32.70602
Group 2,40.26,14.97,2025-08-01 13:32:33.705157
Group 2,40.27,14.98,2025-08-01 13:32:34.704949
Group 2,40.59,15.06,2025-08-01 13:32:35.70529
Group 2,41.05,15.11,2025-08-01 13:32:36.706057
Group 2,40.8,15.05,2025-08-01 13:32:37.70627
Group 2,40.78,15.11,2025-08-01 13:32:38.706455
Group 2,40.93,15.16,2025-08-01 13:32:40.705515
Group 2,40.68,15.07,2025-08-01 13:32:41.705103
Group 2,40.69,15.02,2025-08-01 13:32:42.705789
Group 2,40.51,14.98,2025-08-01 13:32:43.704801
Group 2,40.45,15.0,2025-08-01 13:32:44.706272
Group 2,40.45,15.05,2025-08-01 13:32:45.705855
Group 2,40.28,14.98,2025-08-01 13:32:46.705633
Group 2,40.34,15.04,2025-08-01 13:32:47.70476
Group 2,40.2,14.99,2025-08-01 13:32:48.705749
Group 2,40.36,14.99,2025-08-01 13:32:49.705013
Group 2,40.19,14.96,2025-08-01 13:32:50.704864
Group 2,40.07,14.95,2025-08-01 13:32:51.707476
Group 2,40.04,14.93,2025-08-01 13:32:52.705743
Group 2,40.07,14.94,2025-08-01 13:32:53.70501
Group 2,40.21,15.02,2025-08-01 13:32:54.705109
Group 2,40.18,15.05,2025-08-01 13:32:55.704788
Group 2,40.17,15.09,2025-08-01 13:32:56.704919
Group 2,40.13,15.07,2025-08-01 13:32:57.704827
Group 2,40.1,15.04,2025-08-01 13:32:58.705106
Group 2,40.12,15.09,2025-08-01 13:32:59.705784
Group 2,40.12,15.09,2025-08-01 13:33:00.70504
Group 2,40.09,15.1,2025-08-01 13:33:01.705963
Group 2,40.02,15.04,2025-08-01 13:33:02.706065
Group 2,40.09,15.1,2025-08-01 13:33:03.705416
Group 2,40.1,15.07,2025-08-01 13:33:04.70496
Group 2,40.07,15.08,2025-08-01 13:33:05.704905
Group 2,40.04,15.08,2025-08-01 13:33:06.70507
Group 2,40.06,15.1,2025-08-01 13:33:07.706157
Group 2,40.02,15.08,2025-08-01 13:33:08.70856
Group 2,40.17,15.09,2025-08-01 13:33:09.705246
Group 2,40.15,15.01,2025-08-01 13:33:10.705604
Group 2,40.25,15.0,2025-08-01 13:33:11.705322
Group 2,40.35,15.03,2025-08-01 13:33:12.7049
Group 2,40.37,15.01,2025-08-01 13:33:13.704822
Group 2,40.37,15.0,2025-08-01 13:33:14.70551
Group 2,40.28,14.93,2025-08-01 13:33:15.705265
Group 2,40.25,14.93,2025-08-01 13:33:16.705022
Group 2,40.28,14.92,2025-08-01 13:33:17.706146
Group 2,40.37,14.99,2025-08-01 13:33:18.706828
Group 2,40.32,15.02,2025-08-01 13:33:19.706022
Group 2,40.32,15.04,2025-08-01 13:33:20.710362
Group 2,40.29,15.0,2025-08-01 13:33:21.70636
Group 2,40.18,14.98,2025-08-01 13:33:22.705856
Group 2,40.12,14.96,2025-08-01 13:33:23.705048
Group 2,40.16,14.96,2025-08-01 13:33:24.705235
Group 2,40.13,14.95,2025-08-01 13:33:25.705018
Group 2,40.21,14.96,2025-08-01 13:33:26.70508
Group 2,40.22,14.94,2025-08-01 13:33:27.705113
Group 2,40.25,14.96,2025-08-01 13:33:28.705145
Group 2,40.23,14.94,2025-08-01 13:33:29.705259
Group 2,40.32,14.94,2025-08-01 13:33:30.705124
Group 2,40.35,14.95,2025-08-01 13:33:31.705416
Group 2,40.4,14.97,2025-08-01 13:33:32.704798
Group 2,40.42,14.98,2025-08-01 13:33:33.704998
Group 2,40.47,14.97,2025-08-01 13:33:34.705307
Group 2,40.44,14.96,2025-08-01 13:33:35.705218
Group 2,40.49,14.98,2025-08-01 13:33:36.70565
Group 2,40.57,15.03,2025-08-01 13:33:37.70514
Group 2,40.64,15.07,2025-08-01 13:33:38.705194
Group 2,40.69,15.11,2025-08-01 13:33:39.705136
Group 2,40.68,15.14,2025-08-01 13:33:40.704946
Group 2,40.63,15.07,2025-08-01 13:33:41.706633
Group 2,40.62,15.08,2025-08-01 13:33:42.70514
Group 2,40.63,15.08,2025-08-01 13:33:43.705429
Group 2,40.66,15.08,2025-08-01 13:33:44.705241
Group 2,40.68,15.1,2025-08-01 13:33:45.704682
Group 2,40.72,15.13,2025-08-01 13:33:46.704958
Group 2,40.6,15.06,2025-08-01 13:33:47.704959
Group 2,40.57,15.03,2025-08-01 13:33:48.706861
Group 2,40.56,15.05,2025-08-01 13:33:49.706864
Group 2,40.5,15.01,2025-08-01 13:33:50.705487
Group 2,40.6,15.08,2025-08-01 13:33:51.705301
Group 2,40.7,15.15,2025-08-01 13:33:52.705268
Group 2,40.65,15.12,2025-08-01 13:33:53.704813
Group 2,40.65,15.07,2025-08-01 13:33:54.705195
Group 2,40.68,15.09,2025-08-01 13:33:55.705064
Group 2,40.58,15.03,2025-08-01 13:33:56.704749
Group 2,40.52,15.0,2025-08-01 13:33:57.707547
Group 2,40.53,14.99,2025-08-01 13:33:58.70486
Group 2,40.42,14.96,2025-08-01 13:33:59.70622
Group 2,40.2,14.92,2025-08-01 13:34:00.704997
Group 2,40.4,14.99,2025-08-01 13:34:01.709082
Group 2,40.45,14.99,2025-08-01 13:34:02.708815
Group 2,40.48,15.0,2025-08-01 13:34:03.705546
Group 2,40.46,14.96,2025-08-01 13:34:04.705237
Group 2,40.45,14.97,2025-08-01 13:34:05.705629
Group 2,40.46,14.96,2025-08-01 13:34:06.705354
Group 2,40.43,14.93,2025-08-01 13:34:07.705268
Group 2,40.4,14.88,2025-08-01 13:34:08.706128
Group 2,40.47,14.93,2025-08-01 13:34:09.705087
Group 2,40.46,14.94,2025-08-01 13:34:10.705861
Group 2,40.39,14.92,2025-08-01 13:34:11.705163
Group 2,40.43,14.94,2025-08-01 13:34:12.705544
Group 2,40.42,14.94,2025-08-01 13:34:13.705004
Group 2,40.41,14.93,2025-08-01 13:34:14.707184
Group 2,40.48,14.95,2025-08-01 13:34:15.70582
Group 2,40.48,14.94,2025-08-01 13:34:16.705985
Group 2,40.5,14.95,2025-08-01 13:34:17.70618
Group 2,40.5,14.96,2025-08-01 13:34:18.705611
Group 2,40.53,14.98,2025-08-01 13:34:19.705942
Group 2,40.54,14.99,2025-08-01 13:34:20.706676
Group 2,40.55,15.0,2025-08-01 13:34:21.704968
Group 2,40.5,14.98,2025-08-01 13:34:22.70486
Group 2,40.33,14.95,2025-08-01 13:34:23.705287
Group 2,40.3,14.95,2025-08-01 13:34:24.706082
Group 2,40.2,14.9,2025-08-01 13:34:25.705332
Group 2,40.16,14.9,2025-08-01 13:34:26.705356
Group 2,40.02,14.84,2025-08-01 13:34:27.704994
Group 2,39.88,14.78,2025-08-01 13:34:28.705065
Group 2,39.94,14.84,2025-08-01 13:34:29.705009
Group 2,39.95,14.88,2025-08-01 13:34:30.705257
Group 2,39.95,14.88,2025-08-01 13:34:31.705016
Group 2,39.95,14.89,2025-08-01 13:34:32.705331
Group 2,39.99,14.92,2025-08-01 13:34:33.705443
Group 2,40.0,14.93,2025-08-01 13:34:34.704972
Group 2,39.97,14.9,2025-08-01 13:34:35.705584
Group 2,40.11,14.95,2025-08-01 13:34:36.704999
Group 2,40.14,14.95,2025-08-01 13:34:37.704785
Group 2,40.12,14.91,2025-08-01 13:34:38.706492
Group 2,40.03,14.85,2025-08-01 13:34:39.705204
Group 2,40.06,14.87,2025-08-01 13:34:40.705386
Group 2,40.11,14.91,2025-08-01 13:34:41.705478
Group 2,40.03,14.85,2025-08-01 13:34:42.705641
Group 2,39.97,14.8,2025-08-01 13:34:43.704945
Group 2,39.92,14.84,2025-08-01 13:34:44.705323
Group 2,39.93,14.81,2025-08-01 13:34:45.705401
Group 2,39.94,14.78,2025-08-01 13:34:46.705233
Group 2,40.08,14.85,2025-08-01 13:34:47.704878
Group 2,40.18,14.89,2025-08-01 13:34:48.705132
Group 2,40.29,14.91,2025-08-01 13:34:49.705263
Group 2,40.39,14.95,2025-08-01 13:34:50.705813
Group 2,40.35,14.92,2025-08-01 13:34:51.712021
Group 2,40.43,14.95,2025-08-01 13:34:52.705211
Group 2,40.38,14.95,2025-08-01 13:34:53.705043
Group 2,40.4,14.96,2025-08-01 13:34:54.705179
Group 2,40.49,14.99,2025-08-01 13:34:55.704934
Group 2,40.52,15.02,2025-08-01 13:34:56.705052
Group 2,40.58,15.03,2025-08-01 13:34:57.705184
Group 2,40.64,15.07,2025-08-01 13:34:58.70495
Group 2,40.58,15.02,2025-08-01 13:34:59.705051
Group 2,40.6,15.04,2025-08-01 13:35:00.705044
Group 2,40.61,15.04,2025-08-01 13:35:01.704807
Group 2,40.64,15.06,2025-08-01 13:35:02.705056
Group 2,40.59,15.03,2025-08-01 13:35:03.705224
Group 2,40.52,15.01,2025-08-01 13:35:04.704849
Group 2,40.39,15.01,2025-08-01 13:35:05.704835
Group 2,40.35,15.02,2025-08-01 13:35:06.705012
Group 2,40.2,14.97,2025-08-01 13:35:07.708155
Group 2,40.33,14.99,2025-08-01 13:35:08.705283
Group 2,40.44,15.0,2025-08-01 13:35:09.713357
Group 2,40.52,15.02,2025-08-01 13:35:10.705964
Group 2,40.45,14.99,2025-08-01 13:35:11.705532
Group 2,40.46,14.98,2025-08-01 13:35:13.70585
Group 2,40.46,14.96,2025-08-01 13:35:14.705456
Group 2,40.49,14.99,2025-08-01 13:35:15.705514
Group 2,40.57,15.04,2025-08-01 13:35:16.705124
Group 2,40.6,15.07,2025-08-01 13:35:17.709679
Group 2,40.57,15.06,2025-08-01 13:35:18.706234
Group 2,40.56,15.06,2025-08-01 13:35:19.704856
Group 2,40.46,15.02,2025-08-01 13:35:20.705447
Group 2,40.55,15.03,2025-08-01 13:35:21.705148
Group 2,40.59,15.07,2025-08-01 13:35:22.706595
Group 2,40.58,15.07,2025-08-01 13:35:23.70544
Group 2,40.61,15.09,2025-08-01 13:35:24.705062
Group 2,40.64,15.11,2025-08-01 13:35:25.70536
Group 2,40.64,15.13,2025-08-01 13:35:26.705165
Group 2,40.62,15.11,2025-08-01 13:35:27.705158
Group 2,40.49,15.04,2025-08-01 13:35:28.705792
Group 2,40.53,15.06,2025-08-01 13:35:29.707558
Group 2,40.54,15.06,2025-08-01 13:35:30.70509
Group 2,40.54,15.06,2025-08-01 13:35:31.705433
Group 2,40.51,15.03,2025-08-01 13:35:32.705141
Group 2,40.56,15.07,2025-08-01 13:35:33.707405
Group 2,40.47,15.09,2025-08-01 13:35:34.705342
Group 2,40.52,15.1,2025-08-01 13:35:35.705593
Group 2,40.56,15.14,2025-08-01 13:35:36.70545
Group 2,40.6,15.14,2025-08-01 13:35:37.705324
Group 2,40.62,15.15,2025-08-01 13:35:38.705159
Group 2,40.61,15.14,2025-08-01 13:35:39.705408
Group 2,40.58,15.09,2025-08-01 13:35:40.705642
Group 2,40.48,15.1,2025-08-01 13:35:41.705037
Group 2,40.36,15.01,2025-08-01 13:35:42.705276
Group 2,40.42,15.03,2025-08-01 13:35:43.704806
Group 2,40.39,14.99,2025-08-01 13:35:44.705156
Group 2,40.29,14.92,2025-08-01 13:35:45.705089
Group 2,40.39,15.0,2025-08-01 13:35:46.704965
Group 2,40.48,15.06,2025-08-01 13:35:47.705249
Group 2,40.55,15.08,2025-08-01 13:35:48.712201
Group 2,40.57,15.11,2025-08-01 13:35:49.705254
Group 2,40.63,15.14,2025-08-01 13:35:50.705136
Group 2,40.69,15.17,2025-08-01 13:35:51.705279
Group 2,40.74,15.19,2025-08-01 13:35:52.705012
Group 2,40.75,15.19,2025-08-01 13:35:53.704894
Group 2,40.68,15.15,2025-08-01 13:35:54.705069
Group 2,40.64,15.12,2025-08-01 13:35:55.705057
Group 2,40.64,15.14,2025-08-01 13:35:57.705129
Group 2,40.6,15.12,2025-08-01 13:35:58.705001
Group 2,40.46,15.03,2025-08-01 13:35:59.705103
Group 2,40.53,15.07,2025-08-01 13:36:00.705055
Group 2,40.58,15.12,2025-08-01 13:36:01.709501
Group 2,40.6,15.14,2025-08-01 13:36:02.705853
Group 2,40.42,15.02,2025-08-01 13:36:03.705842
Group 2,40.46,15.03,2025-08-01 13:36:04.70639
Group 2,40.5,15.07,2025-08-01 13:36:05.704986
Group 2,40.34,14.96,2025-08-01 13:36:06.707744
Group 2,40.42,15.0,2025-08-01 13:36:07.706
Group 2,40.49,15.05,2025-08-01 13:36:08.705288
Group 2,40.21,14.94,2025-08-01 13:36:09.705071
Group 2,40.33,15.01,2025-08-01 13:36:10.705326
Group 2,40.33,14.99,2025-08-01 13:36:11.705086
Group 2,40.22,14.9,2025-08-01 13:36:12.705327
Group 2,40.31,14.97,2025-08-01 13:36:13.705598
Group 2,40.23,14.91,2025-08-01 13:36:14.706658
Group 2,40.13,14.85,2025-08-01 13:36:15.705217
Group 2,40.05,14.79,2025-08-01 13:36:16.705598
Group 2,40.22,14.88,2025-08-01 13:36:17.70546
Group 2,40.37,14.94,2025-08-01 13:36:18.70498
Group 2,40.31,14.9,2025-08-01 13:36:19.705077
Group 2,40.27,14.95,2025-08-01 13:36:20.705538
Group 2,40.31,14.98,2025-08-01 13:36:21.705001
Group 2,40.32,14.98,2025-08-01 13:36:22.705774
Group 2,40.22,14.89,2025-08-01 13:36:23.708335
Group 2,40.14,14.9,2025-08-01 13:36:24.705867
Group 2,40.03,14.95,2025-08-01 13:36:25.705082
Group 2,39.77,14.87,2025-08-01 13:36:26.705047
Group 2,39.67,14.88,2025-08-01 13:36:27.705341
Group 2,39.8,14.94,2025-08-01 13:36:28.705159
Group 2,39.95,14.97,2025-08-01 13:36:29.705294
Group 2,40.13,15.02,2025-08-01 13:36:30.70547
Group 2,40.2,15.01,2025-08-01 13:36:31.715235
Group 2,40.29,15.02,2025-08-01 13:36:32.706173
Group 2,40.38,15.04,2025-08-01 13:36:33.705291
Group 2,40.12,14.93,2025-08-01 13:36:34.70534
Group 2,40.19,14.94,2025-08-01 13:36:35.705138
Group 2,40.31,15.0,2025-08-01 13:36:36.705179
Group 2,40.21,14.91,2025-08-01 13:36:37.70635
Group 2,40.12,14.85,2025-08-01 13:36:38.70555
Group 2,40.22,14.92,2025-08-01 13:36:39.707416
Group 2,40.21,14.89,2025-08-01 13:36:40.705489
Group 2,40.1,14.82,2025-08-01 13:36:41.705147
Group 2,40.24,14.91,2025-08-01 13:36:42.705181
Group 2,40.24,14.89,2025-08-01 13:36:43.70502
Group 2,40.28,14.91,2025-08-01 13:36:44.705282
Group 2,40.11,14.93,2025-08-01 13:36:45.704963
Group 2,40.3,15.0,2025-08-01 13:36:46.706438
Group 2,40.24,15.04,2025-08-01 13:36:47.705305
Group 2,40.21,15.05,2025-08-01 13:36:48.705206
Group 2,40.35,15.08,2025-08-01 13:36:49.705197
Group 2,40.2,15.1,2025-08-01 13:36:50.705302
Group 2,40.34,15.12,2025-08-01 13:36:51.704915
Group 2,40.31,15.12,2025-08-01 13:36:52.705544
Group 2,40.25,15.14,2025-08-01 13:36:53.710303
Group 2,40.38,15.13,2025-08-01 13:36:54.704815
Group 2,40.45,15.12,2025-08-01 13:36:55.706491
Group 2,40.32,15.01,2025-08-01 13:36:56.705264
Group 2,40.23,14.92,2025-08-01 13:36:57.705241
Group 2,40.36,14.98,2025-08-01 13:36:58.705887
Group 2,40.0,14.9,2025-08-01 13:36:59.705156
Group 2,40.06,14.95,2025-08-01 13:37:00.705133
Group 2,40.04,14.95,2025-08-01 13:37:02.704631
Group 2,40.04,14.98,2025-08-01 13:37:03.704993
Group 2,39.98,15.0,2025-08-01 13:37:04.70583
Group 2,40.16,15.04,2025-08-01 13:37:05.705613
Group 2,40.27,15.05,2025-08-01 13:37:06.705495
Group 2,40.33,15.04,2025-08-01 13:37:07.704969
Group 2,40.47,15.08,2025-08-01 13:37:08.705172
Group 2,40.22,14.97,2025-08-01 13:37:09.707082
Group 2,40.16,14.91,2025-08-01 13:37:10.706248
Group 2,40.18,14.9,2025-08-01 13:37:11.708987
Group 2,40.34,14.98,2025-08-01 13:37:12.705662
Group 2,40.2,14.91,2025-08-01 13:37:13.70521
Group 2,40.25,14.93,2025-08-01 13:37:14.704791
Group 2,40.32,14.96,2025-08-01 13:37:15.705754
Group 2,40.25,14.92,2025-08-01 13:37:16.705101
Group 2,40.31,14.94,2025-08-01 13:37:17.706995
Group 2,40.18,14.88,2025-08-01 13:37:18.70475
Group 2,40.15,14.9,2025-08-01 13:37:19.70806
Group 2,40.1,14.86,2025-08-01 13:37:20.705505
Group 2,40.15,14.86,2025-08-01 13:37:21.705196
Group 2,40.26,14.93,2025-08-01 13:37:22.705136
Group 2,40.04,14.86,2025-08-01 13:37:23.704836
Group 2,40.22,14.94,2025-08-01 13:37:24.705249
Group 2,40.17,14.98,2025-08-01 13:37:25.711271
Group 2,40.3,15.02,2025-08-01 13:37:26.710522
Group 2,40.17,14.99,2025-08-01 13:37:27.707245
Group 2,40.24,15.02,2025-08-01 13:37:28.70513
Group 2,40.16,15.0,2025-08-01 13:37:29.705232
Group 2,40.22,15.01,2025-08-01 13:37:30.705068
Group 2,40.31,15.02,2025-08-01 13:37:31.704966
Group 2,40.38,15.04,2025-08-01 13:37:32.705241
Group 2,40.46,15.08,2025-08-01 13:37:33.706774
Group 2,40.48,15.11,2025-08-01 13:37:34.70661
Group 2,40.57,15.12,2025-08-01 13:37:35.710017
Group 2,40.57,15.1,2025-08-01 13:37:36.705443
Group 2,40.36,14.97,2025-08-01 13:37:37.705244
Group 2,40.41,14.99,2025-08-01 13:37:38.70484
Group 2,40.55,15.09,2025-08-01 13:37:39.705501
Group 2,40.39,14.99,2025-08-01 13:37:40.705546
Group 2,40.5,15.04,2025-08-01 13:37:41.705052
Group 2,40.49,15.04,2025-08-01 13:37:42.70522
Group 2,40.53,15.06,2025-08-01 13:37:43.707333
Group 2,40.64,15.14,2025-08-01 13:37:44.70519
Group 2,40.65,15.14,2025-08-01 13:37:45.705497
Group 2,40.63,15.12,2025-08-01 13:37:46.704801
Group 2,40.63,15.1,2025-08-01 13:37:47.704756
Group 2,40.46,15.0,2025-08-01 13:37:48.705175
Group 2,40.46,14.99,2025-08-01 13:37:49.705313
Group 2,40.54,15.04,2025-08-01 13:37:50.705454
Group 2,40.37,14.95,2025-08-01 13:37:51.708286
Group 2,40.46,15.0,2025-08-01 13:37:52.705809
Group 2,40.54,15.05,2025-08-01 13:37:53.707714
Group 2,40.55,15.06,2025-08-01 13:37:54.705261
Group 2,40.51,15.04,2025-08-01 13:37:55.705875
Group 2,40.57,15.07,2025-08-01 13:37:56.706654
Group 2,40.62,15.11,2025-08-01 13:37:58.70462
Group 2,40.65,15.12,2025-08-01 13:37:59.707272
Group 2,40.66,15.14,2025-08-01 13:38:00.705454
Group 2,40.69,15.14,2025-08-01 13:38:01.705091
Group 2,40.49,15.03,2025-08-01 13:38:02.705178
Group 2,40.56,15.05,2025-08-01 13:38:03.704778
Group 2,40.58,15.09,2025-08-01 13:38:04.705398
Group 2,40.4,14.99,2025-08-01 13:38:05.705139
Group 2,40.45,15.0,2025-08-01 13:38:06.705169
Group 2,40.38,14.99,2025-08-01 13:38:07.704898
Group 2,40.44,15.04,2025-08-01 13:38:08.70497
Group 2,40.47,15.05,2025-08-01 13:38:09.705264
Group 2,40.33,14.96,2025-08-01 13:38:10.712462
Group 2,40.42,15.0,2025-08-01 13:38:11.713892
Group 2,40.48,15.03,2025-08-01 13:38:12.70493
Group 2,40.46,15.04,2025-08-01 13:38:13.705401
Group 2,40.46,15.05,2025-08-01 13:38:14.705069
Group 2,40.46,15.06,2025-08-01 13:38:15.705454
Group 2,40.44,15.06,2025-08-01 13:38:16.710027
Group 2,40.42,15.06,2025-08-01 13:38:17.705038
Group 2,40.42,15.06,2025-08-01 13:38:18.70534
Group 2,40.44,15.08,2025-08-01 13:38:19.705103
Group 2,40.43,15.09,2025-08-01 13:38:20.705577
Group 2,40.43,15.1,2025-08-01 13:38:21.704858
Group 2,40.44,15.09,2025-08-01 13:38:22.704936
Group 2,40.46,15.08,2025-08-01 13:38:23.705169
Group 2,40.5,15.1,2025-08-01 13:38:24.704694
Group 2,40.49,15.09,2025-08-01 13:38:25.70524
Group 2,40.48,15.09,2025-08-01 13:38:26.705181
Group 2,40.61,15.17,2025-08-01 13:38:27.705554
Group 2,40.46,15.08,2025-08-01 13:38:28.704848
Group 2,40.6,15.15,2025-08-01 13:38:29.704981
Group 2,40.58,15.13,2025-08-01 13:38:30.704761
Group 2,40.39,15.02,2025-08-01 13:38:31.705908
Group 2,40.53,15.11,2025-08-01 13:38:32.705252
Group 2,40.09,14.93,2025-08-01 13:38:33.705102
Group 2,40.02,14.95,2025-08-01 13:38:34.706197
Group 2,39.78,14.93,2025-08-01 13:38:35.704981
Group 2,39.99,14.98,2025-08-01 13:38:36.704709
Group 2,39.97,14.91,2025-08-01 13:38:37.70482
Group 2,40.1,14.95,2025-08-01 13:38:38.704885
Group 2,39.98,14.91,2025-08-01 13:38:39.704871
Group 2,39.98,14.88,2025-08-01 13:38:40.706063
Group 2,40.16,14.94,2025-08-01 13:38:41.705346
Group 2,40.1,14.96,2025-08-01 13:38:42.705425
Group 2,40.17,14.98,2025-08-01 13:38:43.704755
Group 2,40.19,14.99,2025-08-01 13:38:44.705126
Group 2,40.23,15.01,2025-08-01 13:38:45.705192
Group 2,40.3,15.06,2025-08-01 13:38:46.70992
Group 2,40.25,15.0,2025-08-01 13:38:47.705175
Group 2,40.29,15.01,2025-08-01 13:38:48.704943
Group 2,40.34,15.03,2025-08-01 13:38:49.705264
Group 2,40.41,15.06,2025-08-01 13:38:50.708515
Group 2,40.43,15.07,2025-08-01 13:38:51.710042
Group 2,40.47,15.09,2025-08-01 13:38:52.705291
Group 2,40.15,14.97,2025-08-01 13:38:53.705297
Group 2,40.27,15.01,2025-08-01 13:38:54.705218
Group 2,40.33,15.03,2025-08-01 13:38:55.70485
Group 2,40.37,15.04,2025-08-01 13:38:56.704971
Group 2,40.42,15.07,2025-08-01 13:38:57.705164
Group 2,40.37,15.02,2025-08-01 13:38:58.70943
Group 2,40.41,15.04,2025-08-01 13:38:59.705893
Group 2,40.42,15.04,2025-08-01 13:39:00.705012
Group 2,40.42,15.05,2025-08-01 13:39:01.705475
Group 2,40.41,15.07,2025-08-01 13:39:02.704981
Group 2,40.42,15.08,2025-08-01 13:39:03.704936
Group 2,40.23,14.96,2025-08-01 13:39:04.704875
Group 2,40.25,15.0,2025-08-01 13:39:05.704923
Group 2,40.14,14.96,2025-08-01 13:39:06.708347
Group 2,40.2,14.98,2025-08-01 13:39:07.705322
Group 2,40.15,14.96,2025-08-01 13:39:08.704948
Group 2,40.18,14.99,2025-08-01 13:39:09.704957
Group 2,40.17,15.0,2025-08-01 13:39:10.705034
Group 2,40.19,15.03,2025-08-01 13:39:11.705128
Group 2,40.13,15.0,2025-08-01 13:39:12.705121
Group 2,40.17,15.02,2025-08-01 13:39:13.706045
Group 2,40.01,14.94,2025-08-01 13:39:14.70575
Group 2,40.14,14.98,2025-08-01 13:39:15.70573
Group 2,40.21,15.02,2025-08-01 13:39:16.705548
Group 2,40.28,15.05,2025-08-01 13:39:17.705034
Group 2,40.24,15.02,2025-08-01 13:39:18.705322
Group 2,40.26,15.04,2025-08-01 13:39:19.704828
Group 2,40.3,15.04,2025-08-01 13:39:20.704863
Group 2,40.29,15.04,2025-08-01 13:39:21.705702
Group 2,40.31,15.07,2025-08-01 13:39:22.706405
Group 2,40.36,15.09,2025-08-01 13:39:23.708533
Group 2,40.35,15.08,2025-08-01 13:39:24.70491
Group 2,40.32,15.06,2025-08-01 13:39:25.705342
Group 2,40.44,15.08,2025-08-01 13:39:26.704644
Group 2,40.43,15.07,2025-08-01 13:39:27.709654
Group 2,40.41,15.08,2025-08-01 13:39:28.7052
Group 2,40.35,15.07,2025-08-01 13:39:29.705194
Group 2,40.31,15.07,2025-08-01 13:39:30.70504
Group 2,40.36,15.07,2025-08-01 13:39:31.70481
Group 2,40.44,15.08,2025-08-01 13:39:32.704712
Group 2,40.42,15.09,2025-08-01 13:39:33.705252
Group 2,40.35,15.03,2025-08-01 13:39:34.707298
Group 2,40.28,14.98,2025-08-01 13:39:35.709679
Group 2,40.25,14.97,2025-08-01 13:39:36.705007
Group 2,40.44,15.07,2025-08-01 13:39:37.705105
Group 2,40.47,15.07,2025-08-01 13:39:38.707592
Group 2,40.46,15.07,2025-08-01 13:39:39.708594
Group 2,40.48,15.07,2025-08-01 13:39:40.704778
Group 2,40.53,15.09,2025-08-01 13:39:41.704795
Group 2,40.54,15.08,2025-08-01 13:39:42.705011
Group 2,40.53,15.06,2025-08-01 13:39:43.704894
Group 2,40.59,15.09,2025-08-01 13:39:44.709604
Group 2,40.59,15.08,2025-08-01 13:39:45.70505
Group 2,40.57,15.07,2025-08-01 13:39:46.705472
Group 2,40.59,15.09,2025-08-01 13:39:47.704645
Group 2,40.64,15.08,2025-08-01 13:39:48.704856
Group 2,40.45,15.04,2025-08-01 13:39:49.705598
Group 2,40.34,15.04,2025-08-01 13:39:50.704685
Group 2,40.24,15.08,2025-08-01 13:39:51.704904
Group 2,40.38,15.1,2025-08-01 13:39:52.705162
Group 2,40.08,15.08,2025-08-01 13:39:53.705008
Group 2,40.25,15.26,2025-08-01 13:39:54.706338
Group 2,40.34,15.3,2025-08-01 13:39:55.705241
Group 2,40.36,15.12,2025-08-01 13:39:56.705302
Group 2,40.87,15.07,2025-08-01 13:39:57.705006
Group 2,41.89,15.12,2025-08-01 13:39:58.704786
Group 2,41.57,15.01,2025-08-01 13:39:59.705807
Group 2,41.35,14.93,2025-08-01 13:40:00.70488
Group 2,41.75,14.6,2025-08-01 13:40:01.708283
Group 2,41.47,14.65,2025-08-01 13:40:02.706622
Group 2,41.29,14.68,2025-08-01 13:40:03.705475
Group 2,41.13,14.68,2025-08-01 13:40:04.706162
Group 2,41.0,14.7,2025-08-01 13:40:05.705919
Group 2,40.9,14.43,2025-08-01 13:40:06.705219
Group 2,40.83,14.5,2025-08-01 13:40:07.70639
Group 2,40.78,14.53,2025-08-01 13:40:08.705107
Group 2,40.72,14.57,2025-08-01 13:40:09.705421
Group 2,40.65,14.54,2025-08-01 13:40:10.705151
Group 2,40.73,14.58,2025-08-01 13:40:11.704796
Group 2,40.69,14.62,2025-08-01 13:40:12.704965
Group 2,41.49,14.6,2025-08-01 13:40:14.704915
Group 2,42.09,14.64,2025-08-01 13:40:15.70587
Group 2,41.88,14.63,2025-08-01 13:40:16.705149
Group 2,42.32,14.66,2025-08-01 13:40:18.71631
Group 2,42.74,14.7,2025-08-01 13:40:20.70572
Group 2,42.62,14.69,2025-08-01 13:40:21.704933
Group 2,42.24,14.67,2025-08-01 13:40:22.704773
Group 2,41.92,14.67,2025-08-01 13:40:23.705135
Group 2,42.57,14.75,2025-08-01 13:40:24.705052
Group 2,43.18,14.84,2025-08-01 13:40:25.705117
Group 2,43.3,14.74,2025-08-01 13:40:26.704805
Group 2,43.53,14.68,2025-08-01 13:40:27.704864
Group 2,42.97,14.69,2025-08-01 13:40:28.704982
Group 2,42.35,14.72,2025-08-01 13:40:29.70466
Group 2,41.95,14.75,2025-08-01 13:40:30.709643
Group 2,41.56,14.76,2025-08-01 13:40:31.706517
Group 2,41.13,14.75,2025-08-01 13:40:32.705289
Group 2,40.86,14.64,2025-08-01 13:40:33.704839
Group 2,40.68,14.66,2025-08-01 13:40:34.711276
Group 2,40.66,14.65,2025-08-01 13:40:35.704932
Group 2,41.25,14.37,2025-08-01 13:40:36.705321
Group 2,41.22,14.45,2025-08-01 13:40:37.710655
Group 2,41.09,14.5,2025-08-01 13:40:38.705471
Group 2,40.98,14.54,2025-08-01 13:40:39.705775
Group 2,40.89,14.57,2025-08-01 13:40:40.705436
Group 2,40.82,14.54,2025-08-01 13:40:42.705287
Group 2,40.65,14.57,2025-08-01 13:40:43.706028
Group 2,40.56,14.61,2025-08-01 13:40:44.704772
Group 2,40.71,14.61,2025-08-01 13:40:45.705099
Group 2,41.88,14.47,2025-08-01 13:40:46.705453
Group 2,41.96,14.6,2025-08-01 13:40:48.705109
Group 2,41.89,14.68,2025-08-01 13:40:49.206053
Group 2,41.71,14.88,2025-08-01 13:40:49.705178
Group 2,41.68,14.98,2025-08-01 13:40:50.206281
Group 2,41.64,14.99,2025-08-01 13:40:50.705161
Group 2,41.93,14.63,2025-08-01 13:40:51.205746
Group 2,41.88,14.21,2025-08-01 13:40:51.705728
Group 2,42.15,13.71,2025-08-01 13:40:52.216217
Group 2,42.03,13.3,2025-08-01 13:40:52.705095
Group 2,41.85,12.78,2025-08-01 13:40:53.211553
Group 2,41.73,12.11,2025-08-01 13:40:53.705103
Group 2,41.59,11.54,2025-08-01 13:40:54.20551
Group 2,41.54,11.31,2025-08-01 13:40:58.205568
Group 2,41.48,11.19,2025-08-01 13:40:59.206075
Group 2,41.7,11.12,2025-08-01 13:41:00.205227
Group 2,42.35,10.15,2025-08-01 13:41:03.204792
Group 2,42.59,9.31,2025-08-01 13:41:05.211205
Group 2,43.36,8.98,2025-08-01 13:41:07.2081
Group 2,42.29,8.63,2025-08-01 13:41:11.204933
Group 2,42.86,8.45,2025-08-01 13:41:12.204909
Group 2,41.87,8.15,2025-08-01 13:41:13.204872
Group 2,40.12,8.45,2025-08-01 13:41:16.205105
Group 2,39.02,9.06,2025-08-01 13:41:17.218322
Group 2,38.61,9.24,2025-08-01 13:41:18.217427
Group 2,38.4,9.42,2025-08-01 13:41:19.205433
Group 2,38.24,9.5,2025-08-01 13:41:20.208251
Group 2,38.26,8.83,2025-08-01 13:41:22.205026
Group 2,38.19,8.17,2025-08-01 13:41:23.205437
Group 2,38.22,7.26,2025-08-01 13:41:25.205616
Group 2,38.19,7.0,2025-08-01 13:41:26.204935
Group 2,38.18,6.88,2025-08-01 13:41:27.208411
Group 2,38.15,6.69,2025-08-01 13:41:28.205477
Group 2,38.15,6.54,2025-08-01 13:41:29.211963
Group 2,38.15,6.45,2025-08-01 13:41:30.217028
Group 2,38.14,6.36,2025-08-01 13:41:31.204767
Group 2,38.14,6.47,2025-08-01 13:41:32.204995
Group 2,38.14,6.77,2025-08-01 13:41:33.205594
Group 2,38.15,6.58,2025-08-01 13:41:34.216004
Group 2,38.14,6.44,2025-08-01 13:41:35.205192
Group 2,38.14,6.33,2025-08-01 13:41:36.205521
Group 2,38.16,6.27,2025-08-01 13:41:37.213935
Group 2,38.15,6.23,2025-08-01 13:41:38.211263
Group 2,38.14,6.23,2025-08-01 13:41:39.205208
Group 2,38.21,6.69,2025-08-01 13:41:43.209703
Group 2,38.22,6.66,2025-08-01 13:41:44.205185
Group 2,38.2,6.76,2025-08-01 13:41:45.211775
Group 2,38.21,6.79,2025-08-01 13:41:46.211341
Group 2,38.2,7.18,2025-08-01 13:41:47.210846
Group 2,38.2,7.49,2025-08-01 13:41:48.205676
Group 2,38.2,7.23,2025-08-01 13:41:49.204984
Group 2,38.17,6.92,2025-08-01 13:41:51.205095
Group 2,38.18,6.74,2025-08-01 13:41:52.204948
Group 2,38.16,6.6,2025-08-01 13:41:53.205442
Group 2,38.15,6.48,2025-08-01 13:41:54.210394
Group 2,38.17,6.29,2025-08-01 13:41:55.211572
Group 2,38.18,6.18,2025-08-01 13:41:56.20771
Group 2,38.2,6.14,2025-08-01 13:41:59.204923
Group 2,38.18,6.03,2025-08-01 13:42:00.220959
Group 2,38.17,6.06,2025-08-01 13:42:02.205218
Group 2,38.18,5.89,2025-08-01 13:42:03.205243
Group 2,38.19,5.98,2025-08-01 13:42:04.205585
Group 2,38.2,5.8,2025-08-01 13:42:06.211338
Group 2,38.21,5.65,2025-08-01 13:42:11.211807
Group 2,38.23,5.56,2025-08-01 13:42:13.704942
Group 2,38.24,6.28,2025-08-01 13:42:14.205464
Group 2,38.25,6.46,2025-08-01 13:42:14.705328
Group 2,38.24,6.16,2025-08-01 13:42:15.2052
Group 2,38.22,6.43,2025-08-01 13:42:15.705956
Group 2,38.2,6.47,2025-08-01 13:42:18.705848
Group 2,38.19,6.19,2025-08-01 13:42:19.705531
Group 2,38.18,5.95,2025-08-01 13:42:21.705215
Group 2,38.17,5.77,2025-08-01 13:42:26.705198
Group 2,38.17,5.64,2025-08-01 13:42:29.705105
Group 2,38.16,5.69,2025-08-01 13:42:30.705118
Group 2,38.16,5.63,2025-08-01 13:42:33.705484
Group 2,38.17,5.67,2025-08-01 13:42:34.704886
Group 2,38.19,6.0,2025-08-01 13:42:35.704753
Group 2,38.19,6.13,2025-08-01 13:42:37.706982
Group 2,38.17,5.94,2025-08-01 13:42:38.704762
Group 2,38.17,5.77,2025-08-01 13:42:39.707017
Group 2,38.17,6.63,2025-08-01 13:42:40.705023
Group 2,38.17,7.31,2025-08-01 13:42:41.704964
Group 2,38.18,6.83,2025-08-01 13:42:43.705099
Group 2,38.19,6.46,2025-08-01 13:42:49.705059
Group 2,38.21,6.38,2025-08-01 13:42:51.705263
Group 2,38.21,6.3,2025-08-01 13:42:52.704714
Group 2,38.21,6.54,2025-08-01 13:42:53.708117
Group 2,38.21,6.54,2025-08-01 13:42:54.706122
Group 2,38.2,6.56,2025-08-01 13:42:55.705125
Group 2,38.18,6.57,2025-08-01 13:42:56.705528
Group 2,38.18,6.92,2025-08-01 13:42:59.705466
Group 2,38.19,7.28,2025-08-01 13:43:00.704673
Group 2,38.2,7.52,2025-08-01 13:43:01.70526
Group 2,38.21,7.36,2025-08-01 13:43:02.70478
Group 2,38.18,6.62,2025-08-01 13:43:04.704858
Group 2,38.17,6.16,2025-08-01 13:43:07.707334
Group 2,38.16,6.15,2025-08-01 13:43:08.704878
Group 2,38.14,6.07,2025-08-01 13:43:10.707013
Group 2,38.17,6.43,2025-08-01 13:43:13.707156
Group 2,38.14,6.54,2025-08-01 13:43:15.704557
Group 2,38.16,6.42,2025-08-01 13:43:16.706005
Group 2,38.17,6.24,2025-08-01 13:43:18.706605
Group 2,38.15,6.15,2025-08-01 13:43:21.706998
Group 2,38.17,6.13,2025-08-01 13:43:23.704917
Group 2,38.17,6.52,2025-08-01 13:43:26.705345
Group 2,38.19,6.66,2025-08-01 13:43:27.705677
Group 2,38.19,6.64,2025-08-01 13:43:28.705312
Group 2,38.19,6.52,2025-08-01 13:43:29.704935
Group 2,38.18,6.55,2025-08-01 13:43:30.705242
Group 2,38.19,6.68,2025-08-01 13:43:31.70484
Group 2,38.19,6.66,2025-08-01 13:43:32.705788
Group 2,38.2,6.87,2025-08-01 13:43:36.704817
Group 2,38.19,6.69,2025-08-01 13:43:37.705254
Group 2,38.2,6.54,2025-08-01 13:43:38.70764
Group 2,38.18,6.44,2025-08-01 13:43:39.704913
Group 2,38.17,6.36,2025-08-01 13:43:40.705603
Group 2,38.18,6.31,2025-08-01 13:43:41.705324
Group 2,38.17,6.26,2025-08-01 13:43:42.705626
Group 2,38.16,6.24,2025-08-01 13:43:43.705901
Group 2,38.15,6.23,2025-08-01 13:43:44.705524
Group 2,38.15,6.41,2025-08-01 13:43:45.704961
Group 2,38.15,6.56,2025-08-01 13:43:46.705125
Group 2,38.14,6.59,2025-08-01 13:43:48.704863
Group 2,38.16,6.61,2025-08-01 13:43:51.706885
Group 2,38.16,6.73,2025-08-01 13:43:52.706366
Group 2,38.15,6.58,2025-08-01 13:43:53.705543
Group 2,38.15,6.59,2025-08-01 13:43:54.705248
Group 2,38.16,6.71,2025-08-01 13:43:55.705185
Group 2,38.17,6.45,2025-08-01 13:43:57.704721
Group 2,38.19,6.45,2025-08-01 13:43:58.704934
Group 2,38.16,6.46,2025-08-01 13:43:59.705064
Group 2,38.17,6.34,2025-08-01 13:44:00.705787
Group 2,38.16,6.28,2025-08-01 13:44:01.704932
Group 2,38.17,6.35,2025-08-01 13:44:02.704818
Group 2,38.19,6.39,2025-08-01 13:44:03.704972
Group 2,38.19,6.46,2025-08-01 13:44:07.70499
Group 2,38.28,6.52,2025-08-01 13:44:10.70509
Group 2,38.1,7.17,2025-08-01 13:44:11.704916
Group 2,38.13,7.84,2025-08-01 13:44:12.704784
Group 2,38.14,8.06,2025-08-01 13:44:13.704966
Group 2,38.17,8.51,2025-08-01 13:44:14.705197
Group 2,38.17,8.86,2025-08-01 13:44:15.705093
Group 2,38.16,8.84,2025-08-01 13:44:16.705953
Group 2,38.19,8.92,2025-08-01 13:44:17.705439
Group 2,38.19,8.85,2025-08-01 13:44:18.704835
Group 2,38.1,8.9,2025-08-01 13:44:20.704877
Group 2,38.06,9.1,2025-08-01 13:44:21.708364
Group 2,37.97,9.34,2025-08-01 13:44:22.704916
Group 2,37.9,9.19,2025-08-01 13:44:23.706504
Group 2,37.92,9.33,2025-08-01 13:44:24.706141
Group 2,37.95,9.49,2025-08-01 13:44:25.712861
Group 2,37.85,9.6,2025-08-01 13:44:26.705285
Group 2,37.83,9.72,2025-08-01 13:44:27.704624
Group 2,37.83,9.74,2025-08-01 13:44:29.70506
Group 2,37.8,9.52,2025-08-01 13:44:30.705079
Group 2,37.84,9.54,2025-08-01 13:44:31.70599
Group 2,37.85,9.6,2025-08-01 13:44:32.705047
Group 2,37.81,9.68,2025-08-01 13:44:35.705511
Group 2,37.82,9.72,2025-08-01 13:44:36.704709
Group 2,37.85,9.74,2025-08-01 13:44:37.705514
Group 2,37.88,9.73,2025-08-01 13:44:38.705947
Group 2,37.83,9.75,2025-08-01 13:44:39.705245
Group 2,37.85,9.76,2025-08-01 13:44:40.705026
Group 2,37.87,9.78,2025-08-01 13:44:41.705161
Group 2,37.92,9.77,2025-08-01 13:44:42.705177
Group 2,37.88,9.78,2025-08-01 13:44:43.704843
Group 2,37.88,9.78,2025-08-01 13:44:44.705206
Group 2,37.87,9.81,2025-08-01 13:44:45.705496
Group 2,37.88,9.81,2025-08-01 13:44:46.705994
Group 2,37.89,9.82,2025-08-01 13:44:49.705147
Group 2,37.88,9.81,2025-08-01 13:44:50.705196
Group 2,37.94,9.77,2025-08-01 13:44:52.704816
Group 2,37.82,9.74,2025-08-01 13:44:53.705297
Group 2,37.77,9.74,2025-08-01 13:44:54.705487
Group 2,37.77,9.11,2025-08-01 13:44:55.704875
Group 2,37.63,8.78,2025-08-01 13:44:56.705217
Group 2,37.69,8.98,2025-08-01 13:44:58.705092
Group 2,37.69,8.69,2025-08-01 13:44:59.704876
Group 2,37.71,8.92,2025-08-01 13:45:00.70524
Group 2,37.73,9.0,2025-08-01 13:45:01.707706
Group 2,37.72,9.2,2025-08-01 13:45:02.70599
Group 2,37.71,8.92,2025-08-01 13:45:03.704861
Group 2,37.75,9.24,2025-08-01 13:45:04.705306
Group 2,37.78,9.45,2025-08-01 13:45:05.705168
Group 2,37.82,9.2,2025-08-01 13:45:06.705229
Group 2,37.85,9.22,2025-08-01 13:45:07.705194
Group 2,37.82,8.98,2025-08-01 13:45:08.705183
Group 2,37.76,8.78,2025-08-01 13:45:09.705058
Group 2,37.73,8.62,2025-08-01 13:45:10.705592
Group 2,37.73,8.92,2025-08-01 13:45:11.704958
Group 2,37.72,9.09,2025-08-01 13:45:12.704859
Group 2,37.7,9.26,2025-08-01 13:45:13.705069
Group 2,37.68,9.39,2025-08-01 13:45:14.705073
Group 2,37.6,9.09,2025-08-01 13:45:15.705211
Group 2,37.63,9.1,2025-08-01 13:45:16.705767
Group 2,37.67,8.81,2025-08-01 13:45:17.707305
Group 2,37.75,9.03,2025-08-01 13:45:18.705598
Group 2,37.8,9.21,2025-08-01 13:45:19.705604
Group 2,37.91,9.37,2025-08-01 13:45:21.705209
Group 2,37.94,9.45,2025-08-01 13:45:22.705519
Group 2,37.96,9.53,2025-08-01 13:45:23.705543
Group 2,38.0,9.61,2025-08-01 13:45:24.705478
Group 2,38.03,9.15,2025-08-01 13:45:25.705906
Group 2,38.05,9.28,2025-08-01 13:45:26.705797
Group 2,38.07,9.4,2025-08-01 13:45:27.705652
Group 2,38.1,9.33,2025-08-01 13:45:28.705135
Group 2,38.11,8.83,2025-08-01 13:45:29.704956
Group 2,38.15,9.11,2025-08-01 13:45:30.704988
Group 2,38.1,9.24,2025-08-01 13:45:31.705141
Group 2,38.08,9.32,2025-08-01 13:45:32.705191
Group 2,38.06,9.17,2025-08-01 13:45:33.705499
Group 2,38.08,9.06,2025-08-01 13:45:35.704935
Group 2,38.09,9.34,2025-08-01 13:45:36.705076
Group 2,38.06,9.46,2025-08-01 13:45:37.705261
Group 2,38.03,9.57,2025-08-01 13:45:38.70613
Group 2,38.07,9.57,2025-08-01 13:45:39.70559
Group 2,38.06,9.64,2025-08-01 13:45:40.706182
Group 2,38.04,9.63,2025-08-01 13:45:41.705105
Group 2,37.98,9.68,2025-08-01 13:45:42.705421
Group 2,37.93,9.71,2025-08-01 13:45:43.70501
Group 2,37.87,9.73,2025-08-01 13:45:44.705074
Group 2,37.83,9.73,2025-08-01 13:45:45.705199
Group 2,37.8,9.75,2025-08-01 13:45:46.705263
Group 2,37.77,9.06,2025-08-01 13:45:47.70497
Group 2,37.91,8.68,2025-08-01 13:45:48.705337
Group 2,37.93,8.2,2025-08-01 13:45:49.705131
Group 2,37.97,7.53,2025-08-01 13:45:50.705442
Group 2,38.06,7.34,2025-08-01 13:45:51.704972
Group 2,38.13,7.18,2025-08-01 13:45:52.705466
Group 2,38.17,7.08,2025-08-01 13:45:53.70534
Group 2,38.25,6.99,2025-08-01 13:45:54.70492
Group 2,38.1,6.93,2025-08-01 13:45:57.705554
Group 2,38.05,6.96,2025-08-01 13:45:58.704965
Group 2,38.02,6.95,2025-08-01 13:45:59.705725
Group 2,38.01,6.96,2025-08-01 13:46:00.705569
Group 2,37.98,6.9,2025-08-01 13:46:02.705907
Group 2,37.96,6.89,2025-08-01 13:46:03.705579
Group 2,37.95,6.88,2025-08-01 13:46:04.707656
Group 2,37.95,6.89,2025-08-01 13:46:05.705429
Group 2,37.94,6.91,2025-08-01 13:46:06.704782
Group 2,37.94,6.81,2025-08-01 13:46:07.707212
Group 2,37.93,7.2,2025-08-01 13:46:08.70622
Group 2,37.9,7.77,2025-08-01 13:46:09.704765
Group 2,37.89,8.18,2025-08-01 13:46:10.707336
Group 2,37.88,8.49,2025-08-01 13:46:12.70775
Group 2,37.87,8.74,2025-08-01 13:46:13.707798
Group 2,37.87,8.92,2025-08-01 13:46:14.707024
Group 2,37.85,8.8,2025-08-01 13:46:15.705572
Group 2,37.9,8.27,2025-08-01 13:46:17.704888
Group 2,37.97,7.97,2025-08-01 13:46:24.705179
Group 2,37.97,8.08,2025-08-01 13:46:25.705198
Group 2,37.95,8.85,2025-08-01 13:46:40.705283
Group 2,37.99,8.91,2025-08-01 13:46:42.704943
Group 2,38.04,8.45,2025-08-01 13:46:43.705258
Group 2,38.03,7.89,2025-08-01 13:46:44.705097
Group 2,38.02,7.09,2025-08-01 13:46:46.705435
Group 2,38.04,6.88,2025-08-01 13:46:47.705042
Group 2,38.03,6.97,2025-08-01 13:46:50.705231
Group 2,38.04,6.73,2025-08-01 13:46:51.707111
Group 2,38.03,6.54,2025-08-01 13:46:52.708159
Group 2,38.04,6.4,2025-08-01 13:46:53.708134
Group 2,38.05,6.34,2025-08-01 13:46:54.710648
Group 2,38.06,6.22,2025-08-01 13:46:55.705303
Group 2,38.11,6.61,2025-08-01 13:46:56.704761
Group 2,38.12,7.0,2025-08-01 13:46:57.705325
Group 2,38.17,6.91,2025-08-01 13:46:59.705261
Group 2,38.14,7.05,2025-08-01 13:47:00.705226
Group 2,38.01,7.75,2025-08-01 13:47:01.709032
Group 2,37.79,8.32,2025-08-01 13:47:02.706302
Group 2,37.83,8.78,2025-08-01 13:47:03.704921
Group 2,38.02,8.96,2025-08-01 13:47:04.715012
Group 2,38.12,9.37,2025-08-01 13:47:06.70538
Group 2,38.21,8.65,2025-08-01 13:47:08.704912
Group 2,38.34,7.74,2025-08-01 13:47:11.705102
Group 2,38.36,8.26,2025-08-01 13:47:12.705023
Group 2,38.39,8.7,2025-08-01 13:47:13.705814
Group 2,38.37,9.02,2025-08-01 13:47:14.705807
Group 2,38.39,8.35,2025-08-01 13:47:17.705132
Group 2,38.38,7.89,2025-08-01 13:47:18.705354
Group 2,38.38,7.6,2025-08-01 13:47:19.705637
Group 2,38.37,7.34,2025-08-01 13:47:20.705524
Group 2,38.38,6.97,2025-08-01 13:47:21.705408
Group 2,38.38,6.46,2025-08-01 13:47:22.705249
Group 2,38.37,6.24,2025-08-01 13:47:24.707595
Group 2,38.36,6.33,2025-08-01 13:47:25.705286
Group 2,38.37,6.42,2025-08-01 13:47:26.705249
Group 2,38.38,7.29,2025-08-01 13:47:28.705947
Group 2,38.38,6.68,2025-08-01 13:47:29.705206
Group 2,38.38,7.0,2025-08-01 13:47:33.705036
Group 2,38.38,7.01,2025-08-01 13:47:34.705115
Group 2,38.14,9.11,2025-08-01 13:47:54.706416
Group 2,38.17,8.44,2025-08-01 13:47:55.707233
Group 2,38.18,8.18,2025-08-01 13:47:56.704821
Group 2,38.18,7.6,2025-08-01 13:47:58.705027
Group 2,38.2,8.16,2025-08-01 13:47:59.706067
Group 2,38.23,8.59,2025-08-01 13:48:00.705359
Group 2,38.26,8.12,2025-08-01 13:48:01.705121
Group 2,38.27,7.8,2025-08-01 13:48:02.705866
Group 2,38.24,7.56,2025-08-01 13:48:03.705915
Group 2,38.2,8.13,2025-08-01 13:48:04.705475
Group 2,38.2,8.52,2025-08-01 13:48:07.704948
Group 2,38.19,8.12,2025-08-01 13:48:08.709568
Group 2,38.18,8.31,2025-08-01 13:48:10.716911
Group 2,38.25,8.03,2025-08-01 13:48:12.705123
Group 2,38.27,8.49,2025-08-01 13:48:13.705269
Group 2,38.28,6.99,2025-08-01 13:48:21.705208
Group 2,38.23,6.95,2025-08-01 13:48:22.705433
Group 2,38.23,6.86,2025-08-01 13:48:24.705012
Group 2,38.21,7.27,2025-08-01 13:48:25.705253
Group 2,38.2,7.18,2025-08-01 13:48:26.705115
Group 2,38.17,7.11,2025-08-01 13:48:27.704945
Group 2,38.14,7.12,2025-08-01 13:48:29.704871
Group 2,38.16,7.04,2025-08-01 13:48:30.705884
Group 2,38.15,6.99,2025-08-01 13:48:31.705144
Group 2,38.25,6.87,2025-08-01 13:48:34.705262
Group 2,38.29,6.77,2025-08-01 13:48:38.705487
Group 2,38.25,6.76,2025-08-01 13:48:39.705761
Group 2,38.2,6.78,2025-08-01 13:48:40.70508
Group 2,38.23,6.51,2025-08-01 13:48:42.708231
Group 2,38.23,6.75,2025-08-01 13:48:43.705423
Group 2,38.24,6.75,2025-08-01 13:48:44.705076
Group 2,38.23,6.75,2025-08-01 13:48:45.70548
Group 2,38.23,6.65,2025-08-01 13:48:46.704937
Group 2,38.23,6.67,2025-08-01 13:48:47.709139
Group 2,38.17,6.6,2025-08-01 13:48:48.705587
Group 2,38.2,6.64,2025-08-01 13:48:49.705894
Group 2,38.19,6.67,2025-08-01 13:48:50.705584
Group 2,38.28,6.62,2025-08-01 13:48:53.705148
Group 2,38.31,6.92,2025-08-01 13:48:55.705276
Group 2,38.26,6.9,2025-08-01 13:48:56.705298
Group 2,38.25,6.86,2025-08-01 13:48:57.706731
Group 2,38.23,6.84,2025-08-01 13:48:58.705692
Group 2,38.22,7.56,2025-08-01 13:49:00.705482
Group 2,38.24,7.35,2025-08-01 13:49:01.70497
Group 2,38.24,6.91,2025-08-01 13:49:03.705505
Group 2,38.25,6.63,2025-08-01 13:49:04.705435
Group 2,38.28,7.16,2025-08-01 13:49:06.705258
Group 2,38.32,6.78,2025-08-01 13:49:07.705325
Group 2,38.29,6.6,2025-08-01 13:49:08.711663
Group 2,38.5,7.44,2025-08-01 13:49:09.706122
Group 2,38.24,8.29,2025-08-01 13:49:10.705524
Group 2,37.96,8.95,2025-08-01 13:49:11.707937
Group 2,37.94,9.35,2025-08-01 13:49:12.212076
Group 2,37.81,9.63,2025-08-01 13:49:12.705435
Group 2,37.88,7.96,2025-08-01 13:49:15.206511
Group 2,37.97,7.01,2025-08-01 13:49:18.225437
Group 2,38.05,6.57,2025-08-01 13:49:19.21311
Group 2,38.29,6.65,2025-08-01 13:49:39.205673
Group 2,38.24,9.0,2025-08-01 13:51:03.210996
Group 2,38.28,9.21,2025-08-01 13:51:03.705567
Group 2,38.28,9.37,2025-08-01 13:51:04.212882
Group 2,38.31,9.51,2025-08-01 13:51:04.705463
Group 2,38.32,9.73,2025-08-01 13:51:06.206291
Group 2,38.34,9.77,2025-08-01 13:51:06.707889
Group 2,38.34,9.78,2025-08-01 13:51:07.709156
Group 2,38.4,9.07,2025-08-01 13:51:09.706287
Group 2,38.35,9.21,2025-08-01 13:51:10.70542
Group 2,38.33,9.28,2025-08-01 13:51:11.705204
Group 2,38.3,9.34,2025-08-01 13:51:12.705635
Group 2,38.28,9.39,2025-08-01 13:51:13.705323
Group 2,38.28,8.68,2025-08-01 13:51:14.7053
Group 2,38.25,8.74,2025-08-01 13:51:15.705485
Group 2,38.26,8.64,2025-08-01 13:51:16.705287
Group 2,38.26,8.93,2025-08-01 13:51:17.706882
Group 2,38.27,9.17,2025-08-01 13:51:18.705604
Group 2,38.21,9.12,2025-08-01 13:51:27.705587
Group 2,38.28,8.46,2025-08-01 13:51:28.705445
Group 2,38.32,8.23,2025-08-01 13:51:29.705396
Group 2,38.29,8.54,2025-08-01 13:51:30.705601
Group 2,38.21,8.85,2025-08-01 13:51:31.706022
Group 2,38.22,8.14,2025-08-01 13:51:32.705743
Group 2,38.18,8.55,2025-08-01 13:51:34.70523
Group 2,37.88,8.99,2025-08-01 13:51:35.705245
Group 2,37.97,8.12,2025-08-01 13:51:37.705155
Group 2,38.16,8.8,2025-08-01 13:52:01.705425
Group 2,38.18,7.81,2025-08-01 13:52:05.705176
Group 2,38.2,7.72,2025-08-01 13:52:06.705027
Group 2,38.17,7.71,2025-08-01 13:52:10.705565
Group 2,38.17,7.68,2025-08-01 13:52:11.705753
Group 2,38.17,7.45,2025-08-01 13:52:12.213226
Group 2,38.17,7.53,2025-08-01 13:52:13.209098
Group 2,38.17,7.93,2025-08-01 13:52:17.205183
Group 2,38.13,8.43,2025-08-01 13:52:18.205621
Group 2,38.11,8.39,2025-08-01 13:52:19.20547
Group 2,38.1,8.72,2025-08-01 13:52:20.211248
Group 2,38.04,8.91,2025-08-01 13:52:21.208688
Group 2,37.99,9.01,2025-08-01 13:52:22.206356
Group 2,37.97,9.19,2025-08-01 13:52:23.212076
Group 2,37.83,9.37,2025-08-01 13:52:24.205952
Group 2,37.77,9.63,2025-08-01 13:52:25.215607
Group 2,37.73,9.81,2025-08-01 13:52:26.205531
Group 2,37.67,9.99,2025-08-01 13:52:27.205085
Group 2,37.52,10.2,2025-08-01 13:52:28.20545
Group 2,37.46,10.37,2025-08-01 13:52:29.247754
Group 2,37.24,10.53,2025-08-01 13:52:30.205661
Group 2,37.27,10.52,2025-08-01 13:52:31.246925
Group 2,37.28,10.56,2025-08-01 13:52:32.205285
Group 2,37.27,10.56,2025-08-01 13:52:33.212321
Group 2,37.4,10.5,2025-08-01 13:52:34.205552
Group 2,37.41,10.37,2025-08-01 13:52:35.205192
Group 2,37.38,10.23,2025-08-01 13:52:36.223478
Group 2,37.52,10.27,2025-08-01 13:52:37.20634
Group 2,37.51,10.11,2025-08-01 13:52:38.205875
Group 2,37.38,10.31,2025-08-01 13:52:39.215288
Group 2,38.2,9.13,2025-08-01 13:52:57.205524
Group 2,38.18,9.16,2025-08-01 13:53:03.205749
Group 2,38.21,9.17,2025-08-01 13:53:05.207158
Group 2,38.28,9.04,2025-08-01 13:53:20.207013
Group 2,38.27,9.07,2025-08-01 13:53:21.20532
Group 2,38.21,8.81,2025-08-01 13:53:44.205087
Group 2,38.17,8.91,2025-08-01 13:53:46.205085
Group 2,38.12,8.93,2025-08-01 13:53:48.210583
Group 2,38.14,9.03,2025-08-01 13:53:49.205311
Group 2,38.12,9.1,2025-08-01 13:53:50.247294
Group 2,38.13,9.18,2025-08-01 13:53:51.247816
Group 2,38.13,9.25,2025-08-01 13:53:52.205501
Group 2,38.15,9.29,2025-08-01 13:53:53.205269
Group 2,38.18,9.3,2025-08-01 13:53:54.20541
Group 2,38.16,9.35,2025-08-01 13:53:54.705496
Group 2,38.17,9.48,2025-08-01 13:53:55.205236
Group 2,38.2,9.64,2025-08-01 13:53:55.707036
Group 2,38.15,9.68,2025-08-01 13:53:56.212275
Group 2,38.12,8.8,2025-08-01 13:53:56.705002
Group 2,38.08,9.07,2025-08-01 13:53:57.205325
Group 2,38.05,9.23,2025-08-01 13:53:57.705047
Group 2,38.02,9.4,2025-08-01 13:53:58.705533
Group 2,37.94,9.55,2025-08-01 13:53:59.706935
Group 2,37.98,9.62,2025-08-01 13:54:00.706515
Group 2,38.0,9.57,2025-08-01 13:54:01.705458
Group 2,38.09,9.5,2025-08-01 13:54:02.705452
Group 2,38.1,9.59,2025-08-01 13:54:03.706067
Group 2,38.09,9.44,2025-08-01 13:54:04.705488
Group 2,38.08,9.35,2025-08-01 13:54:05.705439
Group 2,38.04,9.5,2025-08-01 13:54:06.705963
Group 2,37.98,9.59,2025-08-01 13:54:07.705071
Group 2,38.1,9.46,2025-08-01 13:54:08.705475
Group 2,38.04,9.59,2025-08-01 13:54:09.705305
Group 2,38.02,9.71,2025-08-01 13:54:10.705085
Group 2,37.99,9.81,2025-08-01 13:54:11.706421
Group 2,37.98,9.76,2025-08-01 13:54:12.706632
Group 2,37.97,9.75,2025-08-01 13:54:13.705682
Group 2,37.96,9.82,2025-08-01 13:54:14.705534
Group 2,37.97,9.64,2025-08-01 13:54:15.705128
Group 2,37.88,9.68,2025-08-01 13:54:16.705241
Group 2,37.83,9.76,2025-08-01 13:54:17.706014
Group 2,37.82,9.84,2025-08-01 13:54:18.705269
Group 2,37.89,9.95,2025-08-01 13:54:19.705073
Group 2,37.94,10.01,2025-08-01 13:54:20.705564
Group 2,37.91,10.0,2025-08-01 13:54:21.706016
Group 2,37.94,9.84,2025-08-01 13:54:22.708718
Group 2,37.89,9.85,2025-08-01 13:54:23.705209
Group 2,37.86,9.85,2025-08-01 13:54:24.705232
Group 2,37.81,9.91,2025-08-01 13:54:25.705393
Group 2,37.77,9.84,2025-08-01 13:54:26.705389
Group 2,37.76,9.79,2025-08-01 13:54:27.705568
Group 2,37.79,9.87,2025-08-01 13:54:28.705749
Group 2,37.75,9.8,2025-08-01 13:54:29.709638
Group 2,37.77,9.87,2025-08-01 13:54:30.704944
Group 2,37.8,9.93,2025-08-01 13:54:31.71067
Group 2,37.75,9.92,2025-08-01 13:54:32.705968
Group 2,37.73,9.89,2025-08-01 13:54:33.704908
Group 2,37.72,9.87,2025-08-01 13:54:34.70768
Group 2,37.66,9.86,2025-08-01 13:54:35.705542
Group 2,37.6,9.85,2025-08-01 13:54:36.705976
Group 2,36.57,9.91,2025-08-01 13:54:37.70619
Group 2,36.88,9.91,2025-08-01 13:54:38.705243
Group 2,37.12,9.89,2025-08-01 13:54:39.705617
Group 2,37.2,9.77,2025-08-01 13:54:40.705177
Group 2,37.37,9.85,2025-08-01 13:54:41.706775
Group 2,37.39,9.91,2025-08-01 13:54:42.706181
Group 2,37.48,9.95,2025-08-01 13:54:43.747778
Group 2,37.47,9.91,2025-08-01 13:54:44.705462
Group 2,37.6,9.9,2025-08-01 13:54:46.705845
Group 2,37.69,9.88,2025-08-01 13:54:47.705577
Group 2,37.65,9.89,2025-08-01 13:54:49.705573
Group 2,37.58,9.74,2025-08-01 13:54:50.705538
Group 2,37.59,9.63,2025-08-01 13:54:51.705331
Group 2,37.67,9.73,2025-08-01 13:54:52.706665
Group 2,37.73,9.58,2025-08-01 13:54:53.705706
Group 2,37.75,9.63,2025-08-01 13:54:54.705636
Group 2,37.69,9.61,2025-08-01 13:54:56.705543
Group 2,37.17,8.95,2025-08-01 13:54:57.712205
Group 2,37.33,8.85,2025-08-01 13:54:58.706908
Group 2,37.5,8.9,2025-08-01 13:54:59.705611
Group 2,37.56,9.0,2025-08-01 13:55:00.713285
Group 2,37.66,8.65,2025-08-01 13:55:02.705404
Group 2,37.72,8.03,2025-08-01 13:55:03.705513
Group 2,37.79,7.54,2025-08-01 13:55:04.705043
Group 2,37.73,8.35,2025-08-01 13:55:05.705065
Group 2,37.72,8.79,2025-08-01 13:55:06.705617
Group 2,37.78,8.85,2025-08-01 13:55:08.705148
Group 2,37.85,8.75,2025-08-01 13:55:09.705286
Group 2,37.97,9.06,2025-08-01 13:55:10.707634
Group 2,38.07,8.66,2025-08-01 13:55:12.709469
Group 2,37.98,7.82,2025-08-01 13:55:14.704881
Group 2,37.95,7.94,2025-08-01 13:55:15.705313
Group 2,38.03,7.56,2025-08-01 13:55:16.705253
Group 2,38.11,7.36,2025-08-01 13:55:17.706436
Group 2,38.17,7.19,2025-08-01 13:55:18.705075
Group 2,38.19,7.11,2025-08-01 13:55:19.705155
Group 2,38.21,7.09,2025-08-01 13:55:20.705212
Group 2,38.22,7.03,2025-08-01 13:55:21.707446
Group 2,38.23,6.99,2025-08-01 13:55:22.70575
Group 2,38.24,6.95,2025-08-01 13:55:23.705298
Group 2,38.23,6.89,2025-08-01 13:55:24.706276
Group 2,38.24,6.48,2025-08-01 13:55:25.705762
Group 2,38.26,6.25,2025-08-01 13:55:27.705959
Group 2,38.28,5.75,2025-08-01 13:55:30.705092
Group 2,38.3,5.53,2025-08-01 13:55:32.706013
Group 2,38.29,5.54,2025-08-01 13:55:33.708213
Group 2,38.28,5.47,2025-08-01 13:55:34.709513
Group 2,38.28,5.41,2025-08-01 13:55:35.705517
Group 2,38.29,5.46,2025-08-01 13:55:36.705007
Group 2,38.29,5.47,2025-08-01 13:55:37.705118
Group 2,38.31,5.64,2025-08-01 13:55:43.7053
Group 2,38.29,6.06,2025-08-01 13:55:51.713424
Group 2,38.29,6.03,2025-08-01 13:55:52.705153
Group 2,38.31,5.87,2025-08-01 13:55:55.708415
Group 2,38.3,5.81,2025-08-01 13:55:56.706688
Group 2,38.31,5.84,2025-08-01 13:55:57.706193
Group 2,38.31,5.77,2025-08-01 13:55:58.705004
Group 2,38.32,5.71,2025-08-01 13:55:59.705709
Group 2,38.32,5.73,2025-08-01 13:56:04.705561
Group 2,38.3,5.8,2025-08-01 13:56:16.705752
Group 2,38.3,5.86,2025-08-01 13:56:17.705412
Group 2,38.29,5.82,2025-08-01 13:56:19.705502
Group 2,38.3,5.98,2025-08-01 13:56:22.708064
Group 2,38.29,5.79,2025-08-01 13:56:31.712975
Group 2,38.28,5.73,2025-08-01 13:56:32.712269
Group 2,38.28,5.62,2025-08-01 13:56:33.71096
Group 2,38.28,5.59,2025-08-01 13:56:36.705867
Group 2,38.28,5.72,2025-08-01 13:56:39.709689
Group 2,38.27,6.18,2025-08-01 13:56:40.729426
Group 2,38.3,6.68,2025-08-01 13:56:42.712916
Group 2,38.29,7.27,2025-08-01 13:56:43.711622
Group 2,38.28,6.83,2025-08-01 13:56:44.708082
Group 2,38.26,7.11,2025-08-01 13:56:52.705346
Group 2,38.28,6.31,2025-08-01 13:56:55.705598
Group 2,38.27,6.19,2025-08-01 13:56:56.711656
Group 2,38.26,6.09,2025-08-01 13:56:57.705472
Group 2,38.27,6.7,2025-08-01 13:56:59.747849
Group 2,38.29,6.13,2025-08-01 13:57:06.711266
Group 2,38.28,6.63,2025-08-01 13:57:08.706284
Group 2,38.26,6.49,2025-08-01 13:57:09.705516
Group 2,38.25,6.17,2025-08-01 13:57:12.712358
Group 2,38.28,5.83,2025-08-01 13:57:24.748104
Group 2,38.27,6.28,2025-08-01 13:57:27.724981
Group 2,38.26,8.41,2025-08-01 13:57:49.706027
Group 2,38.24,8.3,2025-08-01 13:57:50.705304
Group 2,38.25,7.87,2025-08-01 13:57:55.705219
Group 2,38.24,7.95,2025-08-01 13:57:56.705246
Group 2,38.24,7.73,2025-08-01 13:57:57.705428
Group 2,38.22,7.29,2025-08-01 13:57:59.705282
Group 2,38.19,6.72,2025-08-01 13:58:05.71534
Group 2,38.18,6.74,2025-08-01 13:58:06.705286
Group 2,38.19,6.57,2025-08-01 13:58:07.713107
Group 2,38.18,6.49,2025-08-01 13:58:10.74027
Group 2,38.2,7.43,2025-08-01 13:58:26.717618
Group 2,38.15,8.63,2025-08-01 13:59:05.750022
Group 2,38.2,8.39,2025-08-01 13:59:11.711725
Group 2,38.2,8.29,2025-08-01 13:59:13.714686
Group 2,38.25,8.33,2025-08-01 13:59:23.705428
Group 2,38.21,8.55,2025-08-01 13:59:40.705788
Group 2,38.2,8.57,2025-08-01 13:59:41.748361
Group 2,38.23,7.64,2025-08-01 13:59:46.705345
Group 2,38.22,7.41,2025-08-01 13:59:55.712814
Group 2,38.21,7.13,2025-08-01 13:59:56.707653
Group 2,38.19,7.29,2025-08-01 14:00:16.713351
Group 2,38.18,7.16,2025-08-01 14:00:17.713007
Group 2,38.18,7.1,2025-08-01 14:00:18.713711
Group 2,38.2,7.33,2025-08-01 14:00:20.712655
Group 2,38.21,7.4,2025-08-01 14:01:05.713075
Group 2,38.21,8.33,2025-08-01 14:01:08.705775
Group 2,38.21,8.64,2025-08-01 14:01:11.748777
Group 2,38.2,8.46,2025-08-01 14:01:20.705248
Group 2,38.21,8.62,2025-08-01 14:01:21.749911
Group 2,38.2,8.76,2025-08-01 14:01:22.705443
Group 2,38.16,7.7,2025-08-01 14:01:32.756807
Group 2,38.14,7.51,2025-08-01 14:01:33.705287
Group 2,38.03,7.44,2025-08-01 14:01:34.706012
Group 2,37.72,7.28,2025-08-01 14:01:35.205647
Group 2,37.39,7.29,2025-08-01 14:01:35.705801
Group 2,37.05,7.77,2025-08-01 14:01:36.205438
Group 2,36.81,8.23,2025-08-01 14:01:36.708677
Group 2,36.2,8.88,2025-08-01 14:01:37.205325
Group 2,35.9,9.11,2025-08-01 14:01:37.705817
Group 2,35.55,9.28,2025-08-01 14:01:38.205591
Group 2,35.08,9.14,2025-08-01 14:01:39.205792
Group 2,34.41,9.18,2025-08-01 14:01:40.210836
Group 2,33.67,9.22,2025-08-01 14:01:41.205363
Group 2,32.93,9.28,2025-08-01 14:01:42.205411
Group 2,31.56,8.93,2025-08-01 14:01:51.708002
Group 2,30.79,8.52,2025-08-01 14:01:52.705718
Group 2,30.54,8.0,2025-08-01 14:02:44.705619
Group 2,30.27,7.56,2025-08-01 14:02:45.706242
Group 2,30.07,7.24,2025-08-01 14:02:47.7057
Group 2,30.05,7.09,2025-08-01 14:02:50.705506
Group 2,29.89,6.88,2025-08-01 14:02:51.7056
Group 2,29.8,6.71,2025-08-01 14:03:09.706518
Group 2,29.54,6.38,2025-08-01 14:04:09.705957
Group 2,29.44,6.25,2025-08-01 14:04:33.710607
Group 2,29.54,6.23,2025-08-01 14:04:43.706607
Group 2,29.58,6.24,2025-08-01 14:04:45.705769
Group 2,29.68,6.28,2025-08-01 14:05:08.706114
Group 2,29.76,6.34,2025-08-01 14:05:17.705572
Group 2,29.67,6.27,2025-08-01 14:05:43.712724
Group 2,29.69,6.26,2025-08-01 14:05:48.71158
Group 2,29.8,6.29,2025-08-01 14:05:49.749663
Group 2,29.78,6.27,2025-08-01 14:05:52.707138
Group 2,29.81,6.31,2025-08-01 14:05:54.705267
Group 2,30.05,6.12,2025-08-01 14:06:37.70582
Group 2,30.04,5.93,2025-08-01 14:09:09.706529
Group 2,30.0,5.9,2025-08-01 14:10:59.705984
Group 2,29.99,5.92,2025-08-01 14:11:27.705623
Group 2,29.9,5.89,2025-08-01 14:11:28.705447
Group 2,29.91,5.92,2025-08-01 14:11:29.713609
Group 2,30.11,6.3,2025-08-01 14:11:44.715027
Group 2,30.17,6.35,2025-08-01 14:11:45.70529
Group 2,30.18,6.44,2025-08-01 14:11:47.707602
Group 2,30.0,6.41,2025-08-01 14:11:49.705587
Group 2,30.1,6.49,2025-08-01 14:11:50.706846
Group 2,30.17,6.51,2025-08-01 14:11:51.706051
Group 2,30.06,6.43,2025-08-01 14:12:00.705475
Group 2,29.91,6.32,2025-08-01 14:12:05.714528
Group 2,30.02,6.34,2025-08-01 14:12:08.706477
Group 2,29.94,6.31,2025-08-01 14:12:10.712489
Group 2,30.0,6.35,2025-08-01 14:12:13.705788
Group 2,29.88,6.33,2025-08-01 14:12:19.715181
Group 2,29.98,6.44,2025-08-01 14:12:27.705736
Group 2,30.08,6.45,2025-08-01 14:12:28.707715
Group 2,30.01,6.12,2025-08-01 14:12:47.209286
Group 2,30.07,6.05,2025-08-01 14:12:53.205821
Group 2,30.07,6.05,2025-08-01 14:13:12.205435
Group 2,30.1,5.99,2025-08-01 14:16:18.205915
Group 2,30.12,6.04,2025-08-01 14:16:29.205513
Group 2,27.28,8.6,2025-08-01 14:17:21.706547
Group 2,33.62,15.73,2025-08-01 14:50:23.510056
Group 2,34.06,19.43,2025-08-01 14:50:28.50587
Group 2,34.05,20.32,2025-08-01 14:50:29.506571
Group 2,32.62,13.96,2025-08-01 14:50:41.50525
Group 2,34.99,14.57,2025-08-01 14:50:46.506056
Group 2,35.88,14.91,2025-08-01 14:50:52.505534
Group 2,35.99,14.67,2025-08-01 14:50:53.505606
Group 2,36.08,14.51,2025-08-01 14:50:54.505317
Group 2,36.15,14.4,2025-08-01 14:50:55.505123
Group 2,36.19,14.36,2025-08-01 14:50:56.505113
Group 2,36.21,14.32,2025-08-01 14:50:57.505669
Group 2,36.24,14.41,2025-08-01 14:50:58.505543
Group 2,36.2,14.46,2025-08-01 14:50:59.505299
Group 2,36.19,14.45,2025-08-01 14:51:00.505126
Group 2,36.17,14.42,2025-08-01 14:51:01.504817
Group 2,36.17,14.57,2025-08-01 14:51:02.505417
Group 2,36.17,14.5,2025-08-01 14:51:03.505046
Group 2,36.16,14.46,2025-08-01 14:51:04.505248
Group 2,36.16,14.51,2025-08-01 14:51:05.50543
Group 2,36.17,14.51,2025-08-01 14:51:06.505181
Group 2,36.16,14.55,2025-08-01 14:51:07.510175
Group 2,36.16,14.53,2025-08-01 14:51:08.506231
Group 2,36.16,14.62,2025-08-01 14:51:09.507618
Group 2,36.16,14.62,2025-08-01 14:51:10.509724
Group 2,36.16,14.77,2025-08-01 14:51:16.505517
Group 2,36.35,14.61,2025-08-01 14:51:21.506199
Group 2,36.38,14.53,2025-08-01 14:51:22.505177
Group 2,36.27,14.98,2025-08-01 14:51:27.50565
Group 2,36.3,15.45,2025-08-01 14:51:28.507148
Group 2,36.32,15.27,2025-08-01 14:51:29.506735
Group 2,36.39,16.45,2025-08-01 14:51:39.505767
Group 2,36.38,16.06,2025-08-01 14:51:40.505557
Group 2,36.39,15.96,2025-08-01 14:51:41.506506
Group 2,36.04,16.43,2025-08-01 14:51:42.505426
Group 2,36.06,15.97,2025-08-01 14:51:43.505482
Group 2,36.03,15.65,2025-08-01 14:51:48.508413
Group 2,36.25,15.29,2025-08-01 14:51:53.506102
Group 2,36.21,15.09,2025-08-01 14:51:54.506141
Group 2,36.21,15.71,2025-08-01 14:51:55.505414
Group 2,36.21,15.83,2025-08-01 14:51:56.509704
Group 2,36.22,16.04,2025-08-01 14:51:57.505484
Group 2,36.21,16.18,2025-08-01 14:51:58.505176
Group 2,36.24,15.75,2025-08-01 14:51:59.505005
Group 2,36.24,15.44,2025-08-01 14:52:00.507124
Group 2,35.78,16.04,2025-08-01 14:52:06.505821
Group 2,35.68,15.99,2025-08-01 14:52:07.505835
Group 2,35.63,15.78,2025-08-01 14:52:12.505509
Group 2,35.89,15.07,2025-08-01 14:52:13.510555
Group 2,36.11,14.55,2025-08-01 14:52:14.505439
Group 2,36.24,14.17,2025-08-01 14:52:15.505677
Group 2,36.37,13.83,2025-08-01 14:52:16.505859
Group 2,36.48,13.61,2025-08-01 14:52:17.506285
Group 2,36.64,13.31,2025-08-01 14:52:18.505354
Group 2,36.63,13.18,2025-08-01 14:52:19.505476
Group 2,36.56,13.13,2025-08-01 14:52:20.505505
Group 2,36.62,13.1,2025-08-01 14:52:21.505929
Group 2,36.31,13.95,2025-08-01 14:52:23.506769
Group 2,35.26,14.59,2025-08-01 14:52:36.505474
Group 2,35.45,15.63,2025-08-01 14:52:45.505353
Group 2,35.48,16.33,2025-08-01 14:52:46.50805
Group 2,35.44,16.07,2025-08-01 14:52:48.505467
Group 2,35.57,15.43,2025-08-01 14:52:49.504976
Group 2,35.55,14.94,2025-08-01 14:52:50.505712
Group 2,35.14,14.8,2025-08-01 14:52:59.50544
Group 2,35.18,14.17,2025-08-01 14:53:08.50561
Group 2,35.13,14.02,2025-08-01 14:53:09.505636
Group 2,35.11,13.89,2025-08-01 14:53:10.505863
Group 2,35.09,13.8,2025-08-01 14:53:11.505008
Group 2,35.11,13.72,2025-08-01 14:53:12.505469
Group 2,34.94,15.76,2025-08-01 14:53:22.505554
Group 2,34.97,15.22,2025-08-01 14:53:23.505455
Group 2,35.1,14.78,2025-08-01 14:53:24.50601
Group 2,35.1,14.44,2025-08-01 14:53:25.507811
Group 2,35.25,13.76,2025-08-01 14:53:30.505429
Group 2,35.23,13.79,2025-08-01 14:53:31.504891
Group 2,35.26,14.84,2025-08-01 14:53:32.505497
Group 2,36.73,13.36,2025-08-01 14:54:12.505042
Group 2,36.72,13.44,2025-08-01 14:54:13.505358
Group 2,36.74,13.44,2025-08-01 14:54:14.506398
Group 2,36.74,13.43,2025-08-01 14:54:15.508218
Group 2,36.73,13.39,2025-08-01 14:54:16.506298
Group 2,36.74,13.56,2025-08-01 14:54:21.504939
Group 2,36.69,13.4,2025-08-01 14:54:27.50494
Group 2,36.7,13.38,2025-08-01 14:54:28.506279
Group 2,36.69,13.33,2025-08-01 14:54:29.504939
Group 2,36.67,13.46,2025-08-01 14:54:34.512572
Group 2,36.68,13.39,2025-08-01 14:54:35.504831
Group 2,36.68,13.46,2025-08-01 14:54:36.50508
Group 2,36.66,13.52,2025-08-01 14:54:37.504693
Group 2,36.65,13.54,2025-08-01 14:54:38.504532
Group 2,36.66,13.56,2025-08-01 14:54:39.505793
Group 2,36.69,13.48,2025-08-01 14:54:44.505219
Group 2,36.7,13.43,2025-08-01 14:54:45.505761
Group 2,36.64,13.36,2025-08-01 14:54:46.508978
Group 2,36.63,13.32,2025-08-01 14:54:47.505585
Group 2,36.62,13.3,2025-08-01 14:54:48.50454
Group 2,36.59,13.23,2025-08-01 14:54:49.507002
Group 2,36.61,13.21,2025-08-01 14:54:50.504542
Group 2,36.63,13.22,2025-08-01 14:54:51.504864
Group 2,36.04,13.04,2025-08-01 14:54:57.505265
Group 2,35.81,12.98,2025-08-01 14:54:58.504678
Group 2,36.02,12.93,2025-08-01 14:54:59.504671
Group 2,36.12,12.89,2025-08-01 14:55:00.50504
Group 2,36.33,12.84,2025-08-01 14:55:01.505204
Group 2,36.47,12.82,2025-08-01 14:55:02.505393
Group 2,36.59,12.79,2025-08-01 14:55:03.504978
Group 2,35.83,12.75,2025-08-01 14:55:13.505288
Group 2,35.67,12.73,2025-08-01 14:55:14.505864
Group 2,35.53,12.72,2025-08-01 14:55:15.50565
Group 2,35.43,12.71,2025-08-01 14:55:16.50552
Group 2,35.34,12.71,2025-08-01 14:55:17.51642
Group 2,35.73,12.92,2025-08-01 14:55:18.506691
Group 2,36.03,12.97,2025-08-01 14:55:19.508533
Group 2,36.23,13.0,2025-08-01 14:55:20.505684
Group 2,36.38,13.03,2025-08-01 14:55:21.504996
Group 2,36.61,13.07,2025-08-01 14:55:22.505171
Group 2,36.77,13.14,2025-08-01 14:55:32.505349
Group 2,36.66,13.07,2025-08-01 14:55:33.504921
Group 2,36.74,13.06,2025-08-01 14:55:34.504984
Group 2,36.72,13.29,2025-08-01 14:55:35.504594
Group 2,36.66,13.5,2025-08-01 14:55:36.504999
Group 2,36.56,13.63,2025-08-01 14:55:37.504687
Group 2,36.46,13.75,2025-08-01 14:55:38.507066
Group 2,36.14,13.54,2025-08-01 14:55:39.504925
Group 2,35.67,13.44,2025-08-01 14:55:44.505103
Group 2,35.93,13.54,2025-08-01 14:55:45.505152
Group 2,36.27,13.11,2025-08-01 14:55:59.504724
Group 2,36.34,13.23,2025-08-01 14:56:00.504576
Group 2,36.41,13.46,2025-08-01 14:56:01.50523
Group 2,36.45,13.38,2025-08-01 14:56:02.507291
Group 2,36.48,13.57,2025-08-01 14:56:03.505419
Group 2,36.56,13.65,2025-08-01 14:56:04.506291
Group 2,36.59,13.7,2025-08-01 14:56:05.50561
Group 2,36.63,13.56,2025-08-01 14:56:06.510896
Group 2,36.67,13.46,2025-08-01 14:56:07.50455
Group 2,36.61,13.23,2025-08-01 14:56:20.504722
Group 2,36.59,13.32,2025-08-01 14:56:21.504882
Group 2,36.6,13.6,2025-08-01 14:56:22.504623
Group 2,36.6,13.6,2025-08-01 14:56:23.504848
Group 2,36.23,13.39,2025-08-01 14:56:24.504771
Group 2,35.55,12.85,2025-08-01 14:56:30.505011
Group 2,36.04,13.47,2025-08-01 14:56:36.504481
Group 2,36.18,13.56,2025-08-01 14:56:37.504326
Group 2,36.28,13.66,2025-08-01 14:56:38.504797
Group 2,36.34,13.72,2025-08-01 14:56:39.505138
Group 2,36.41,13.76,2025-08-01 14:56:40.50469
Group 2,36.44,13.82,2025-08-01 14:56:41.505243
Group 2,36.45,13.83,2025-08-01 14:56:42.504994
Group 2,36.47,13.79,2025-08-01 14:56:43.504366
Group 2,36.49,13.85,2025-08-01 14:56:44.504802
Group 2,36.5,13.85,2025-08-01 14:56:45.50805
Group 2,36.48,13.89,2025-08-01 14:56:46.504433
Group 2,36.46,13.85,2025-08-01 14:56:47.504413
Group 2,36.52,13.76,2025-08-01 14:56:48.506968
Group 2,36.6,13.83,2025-08-01 14:56:49.505081
Group 2,36.59,13.87,2025-08-01 14:56:50.505401
Group 2,36.59,13.86,2025-08-01 14:56:51.504983
Group 2,36.6,13.94,2025-08-01 14:56:52.504713
Group 2,36.36,13.84,2025-08-01 14:56:53.505601
Group 2,36.02,13.61,2025-08-01 14:56:54.509458
Group 2,35.94,13.51,2025-08-01 14:56:55.504508
Group 2,35.74,13.4,2025-08-01 14:56:56.507414
Group 2,35.76,13.41,2025-08-01 14:56:57.505731
Group 2,35.77,13.5,2025-08-01 14:56:58.505878
Group 2,35.96,13.67,2025-08-01 14:56:59.504157
Group 2,35.89,13.55,2025-08-01 14:57:00.505154
Group 2,36.04,13.66,2025-08-01 14:57:01.504326
Group 2,35.85,13.51,2025-08-01 14:57:02.512356
Group 2,36.43,13.56,2025-08-01 14:57:08.005561
Group 2,36.48,13.51,2025-08-01 14:57:09.005487
Group 2,36.53,13.69,2025-08-01 14:57:10.004258
Group 2,36.56,13.73,2025-08-01 14:57:11.004458
Group 2,36.58,13.7,2025-08-01 14:57:12.004352
Group 2,36.57,13.76,2025-08-01 14:57:13.004357
Group 2,36.54,13.81,2025-08-01 14:57:14.004586
Group 2,36.63,13.84,2025-08-01 14:57:15.006189
Group 2,36.63,13.86,2025-08-01 14:57:16.005438
Group 2,36.61,13.85,2025-08-01 14:57:17.004538
Group 2,36.62,13.86,2025-08-01 14:57:18.004089
Group 2,36.6,13.88,2025-08-01 14:57:19.004271
Group 2,36.38,13.86,2025-08-01 14:57:20.00453
Group 2,36.45,13.65,2025-08-01 14:57:21.004966
Group 2,36.53,13.45,2025-08-01 14:57:22.00419
Group 2,36.57,13.31,2025-08-01 14:57:23.004537
Group 2,36.64,13.19,2025-08-01 14:57:24.004781
Group 2,36.67,13.11,2025-08-01 14:57:25.005053
Group 2,36.74,13.07,2025-08-01 14:57:26.004281
Group 2,36.75,13.01,2025-08-01 14:57:27.008624
Group 2,36.61,12.96,2025-08-01 14:57:28.004375
Group 2,36.68,12.93,2025-08-01 14:57:29.004189
Group 2,36.73,12.9,2025-08-01 14:57:30.004394
Group 2,36.75,12.87,2025-08-01 14:57:31.005405
Group 2,36.76,12.88,2025-08-01 14:57:32.004888
Group 2,36.75,12.86,2025-08-01 14:57:33.004271
Group 2,36.75,12.85,2025-08-01 14:57:34.004171
Group 2,36.77,12.85,2025-08-01 14:57:35.004253
Group 2,36.81,12.84,2025-08-01 14:57:36.004696
Group 2,36.35,12.81,2025-08-01 14:57:37.006277
Group 2,36.08,12.81,2025-08-01 14:57:38.006515
Group 2,35.99,12.8,2025-08-01 14:57:39.004253
Group 2,35.79,12.8,2025-08-01 14:57:40.004636
Group 2,35.67,12.83,2025-08-01 14:57:41.00959
Group 2,35.55,12.82,2025-08-01 14:57:42.00474
Group 2,35.47,12.83,2025-08-01 14:57:43.010035
Group 2,35.42,12.81,2025-08-01 14:57:44.004343
Group 2,35.38,12.82,2025-08-01 14:57:45.009879
Group 2,35.34,12.83,2025-08-01 14:57:46.004566
Group 2,35.38,13.22,2025-08-01 14:57:47.004325
Group 2,35.57,13.38,2025-08-01 14:57:48.005876
Group 2,35.83,13.35,2025-08-01 14:57:49.004475
Group 2,36.21,13.45,2025-08-01 14:57:50.004779
Group 2,36.26,13.56,2025-08-01 14:57:51.004334
Group 2,36.69,13.16,2025-08-01 14:57:52.004381
Group 2,36.62,13.05,2025-08-01 14:57:53.004212
Group 2,36.64,13.12,2025-08-01 14:57:54.004184
Group 2,36.55,13.15,2025-08-01 14:57:55.004577
Group 2,36.59,13.16,2025-08-01 14:57:56.004577
Group 2,36.67,13.1,2025-08-01 14:57:57.004385
Group 2,36.57,13.13,2025-08-01 14:57:58.004142
Group 2,36.41,13.2,2025-08-01 14:57:59.004526
Group 2,36.91,12.89,2025-08-01 14:58:00.004294
Group 2,36.95,12.93,2025-08-01 14:58:01.004022
Group 2,36.99,12.91,2025-08-01 14:58:02.007516
Group 2,37.25,12.73,2025-08-01 14:58:03.004666
Group 2,37.42,12.53,2025-08-01 14:58:04.006944
Group 2,37.58,12.42,2025-08-01 14:58:05.004328
Group 2,37.34,12.44,2025-08-01 14:58:06.004389
Group 2,37.1,12.47,2025-08-01 14:58:07.003986
Group 2,37.25,12.45,2025-08-01 14:58:08.004416
Group 2,37.44,12.41,2025-08-01 14:58:09.004171
Group 2,37.05,12.5,2025-08-01 14:58:10.004378
Group 2,37.06,12.44,2025-08-01 14:58:11.004525
Group 2,37.04,12.56,2025-08-01 14:58:12.004316
Group 2,37.05,12.57,2025-08-01 14:58:13.00445
Group 2,37.08,12.57,2025-08-01 14:58:14.004535
Group 2,37.08,12.62,2025-08-01 14:58:15.00476
Group 2,37.01,12.66,2025-08-01 14:58:16.004625
Group 2,37.02,12.73,2025-08-01 14:58:17.004327
Group 2,37.03,12.73,2025-08-01 14:58:18.004641
Group 2,36.95,12.74,2025-08-01 14:58:19.00448
Group 2,36.99,12.7,2025-08-01 14:58:20.005542
Group 2,36.98,12.8,2025-08-01 14:58:21.005237
Group 2,36.97,12.82,2025-08-01 14:58:22.004145
Group 2,36.97,12.88,2025-08-01 14:58:23.007634
Group 2,36.98,12.89,2025-08-01 14:58:24.004704
Group 2,37.01,12.91,2025-08-01 14:58:25.004418
Group 2,37.0,12.91,2025-08-01 14:58:26.004904
Group 2,36.99,12.98,2025-08-01 14:58:27.006027
Group 2,37.01,12.97,2025-08-01 14:58:28.004166
Group 2,37.02,12.98,2025-08-01 14:58:29.004862
Group 2,37.03,12.97,2025-08-01 14:58:30.004328
Group 2,37.02,12.96,2025-08-01 14:58:31.004624
Group 2,37.03,12.99,2025-08-01 14:58:32.008418
Group 2,37.03,13.0,2025-08-01 14:58:33.004285
Group 2,37.03,13.0,2025-08-01 14:58:34.004319
Group 2,37.04,13.0,2025-08-01 14:58:35.005762
Group 2,36.93,12.95,2025-08-01 14:58:36.004652
Group 2,36.87,13.08,2025-08-01 14:58:37.007221
Group 2,36.85,13.13,2025-08-01 14:58:38.004525
Group 2,36.83,13.15,2025-08-01 14:58:39.004221
Group 2,36.81,13.17,2025-08-01 14:58:40.004297
Group 2,36.81,13.17,2025-08-01 14:58:41.004098
Group 2,36.8,13.36,2025-08-01 14:58:42.004177
Group 2,36.77,13.38,2025-08-01 14:58:43.004558
Group 2,36.78,13.32,2025-08-01 14:58:44.004338
Group 2,36.79,13.26,2025-08-01 14:58:45.005313
Group 2,36.76,13.23,2025-08-01 14:58:46.007853
Group 2,36.75,13.28,2025-08-01 14:58:47.004294
Group 2,36.73,13.21,2025-08-01 14:58:48.004369
Group 2,36.71,13.37,2025-08-01 14:58:49.004021
Group 2,36.73,13.34,2025-08-01 14:58:50.004927
Group 2,36.72,13.44,2025-08-01 14:58:51.004653
Group 2,36.73,13.41,2025-08-01 14:58:52.004104
Group 2,36.75,13.37,2025-08-01 14:58:53.004279
Group 2,36.76,13.32,2025-08-01 14:58:54.004257
Group 2,36.74,13.3,2025-08-01 14:58:55.004357
Group 2,36.74,13.23,2025-08-01 14:58:56.005637
Group 2,36.75,13.26,2025-08-01 14:58:57.004626
Group 2,36.76,13.22,2025-08-01 14:58:58.00426
Group 2,36.78,13.28,2025-08-01 14:58:59.004774
Group 2,36.75,13.22,2025-08-01 14:59:00.004787
Group 2,36.74,13.19,2025-08-01 14:59:01.00431
Group 2,36.74,13.2,2025-08-01 14:59:02.004353
Group 2,36.73,13.18,2025-08-01 14:59:03.004504
Group 2,36.72,13.2,2025-08-01 14:59:04.004154
Group 2,36.72,13.21,2025-08-01 14:59:05.004552
Group 2,36.76,13.28,2025-08-01 14:59:06.004566
Group 2,36.77,13.35,2025-08-01 14:59:07.006343
Group 2,36.88,13.13,2025-08-01 14:59:08.004408
Group 2,36.94,13.06,2025-08-01 14:59:09.003968
Group 2,36.96,13.08,2025-08-01 14:59:10.004694
Group 2,36.99,13.07,2025-08-01 14:59:11.0049
Group 2,37.04,12.96,2025-08-01 14:59:12.004001
Group 2,37.04,12.91,2025-08-01 14:59:13.004027
Group 2,37.03,12.87,2025-08-01 14:59:14.004687
Group 2,37.03,12.82,2025-08-01 14:59:15.00458
Group 2,37.05,12.97,2025-08-01 14:59:16.004365
Group 2,37.05,13.22,2025-08-01 14:59:17.004046
Group 2,37.04,13.21,2025-08-01 14:59:18.005016
Group 2,37.05,13.15,2025-08-01 14:59:19.008094
Group 2,36.74,13.4,2025-08-01 14:59:20.005258
Group 2,36.58,13.71,2025-08-01 14:59:21.007086
Group 2,36.33,14.92,2025-08-01 14:59:22.004526
Group 2,36.08,15.84,2025-08-01 14:59:23.004533
Group 2,36.07,16.29,2025-08-01 14:59:24.005097
Group 2,35.89,15.99,2025-08-01 14:59:25.010664
Group 2,35.83,15.75,2025-08-01 14:59:26.004051
Group 2,35.68,15.43,2025-08-01 14:59:27.004353
Group 2,35.6,14.99,2025-08-01 14:59:28.004724
Group 2,35.53,15.05,2025-08-01 14:59:29.004373
Group 2,35.83,14.67,2025-08-01 14:59:30.005107
Group 2,35.84,14.13,2025-08-01 14:59:31.004164
Group 2,35.94,13.99,2025-08-01 14:59:32.005524
Group 2,35.96,13.86,2025-08-01 14:59:33.004332
Group 2,36.04,14.06,2025-08-01 14:59:34.004373
Group 2,36.1,14.06,2025-08-01 14:59:35.004758
Group 2,36.15,14.07,2025-08-01 14:59:36.004805
Group 2,36.18,14.14,2025-08-01 14:59:37.005405
Group 2,36.03,13.85,2025-08-01 14:59:38.004861
Group 2,35.89,13.62,2025-08-01 14:59:39.004377
Group 2,36.08,13.37,2025-08-01 14:59:40.006525
Group 2,36.06,13.27,2025-08-01 14:59:41.004293
Group 2,36.22,13.24,2025-08-01 14:59:42.004249
Group 2,36.73,13.23,2025-08-01 14:59:43.004531
Group 2,36.62,13.27,2025-08-01 14:59:44.004333
Group 2,36.65,13.38,2025-08-01 14:59:45.004326
Group 2,35.75,13.42,2025-08-01 14:59:47.004292
Group 2,35.35,14.05,2025-08-01 14:59:48.005062
Group 2,35.62,15.52,2025-08-01 14:59:49.00521
Group 2,35.67,15.97,2025-08-01 14:59:50.004272
Group 2,35.85,15.6,2025-08-01 14:59:51.004196
Group 2,36.0,15.31,2025-08-01 14:59:52.004454
Group 2,36.1,15.24,2025-08-01 14:59:53.004166
Group 2,36.21,14.86,2025-08-01 14:59:54.004386
Group 2,36.29,14.89,2025-08-01 14:59:55.006762
Group 2,36.33,14.74,2025-08-01 14:59:56.004279
Group 2,36.37,14.82,2025-08-01 14:59:57.00727
Group 2,36.03,14.41,2025-08-01 14:59:58.004123
Group 2,36.14,14.49,2025-08-01 14:59:59.004407
Group 2,36.2,14.38,2025-08-01 15:00:00.004383
Group 2,36.22,14.19,2025-08-01 15:00:01.004319
Group 2,36.01,13.8,2025-08-01 15:00:02.004207
Group 2,35.41,13.74,2025-08-01 15:00:03.004203
Group 2,34.02,13.76,2025-08-01 15:00:07.004074
Group 2,33.77,13.76,2025-08-01 15:00:08.012795
Group 2,33.39,13.78,2025-08-01 15:00:10.008215
Group 2,33.91,14.19,2025-08-01 15:00:11.006321
Group 2,34.37,14.28,2025-08-01 15:00:11.504119
Group 2,34.44,14.12,2025-08-01 15:00:12.012055
Group 2,34.4,14.04,2025-08-01 15:00:12.504164
Group 2,34.51,13.85,2025-08-01 15:00:13.004288
Group 2,34.63,13.84,2025-08-01 15:00:13.504638
Group 2,34.24,13.87,2025-08-01 15:00:14.004324
Group 2,33.75,13.86,2025-08-01 15:00:14.516059
Group 2,33.37,13.94,2025-08-01 15:00:15.509705
Group 2,32.91,13.91,2025-08-01 15:00:16.004216
Group 2,32.47,13.81,2025-08-01 15:00:16.505008
Group 2,32.15,13.61,2025-08-01 15:00:17.01231
Group 2,31.8,13.26,2025-08-01 15:00:17.504486
Group 2,31.46,12.88,2025-08-01 15:00:18.004146
Group 2,31.09,12.5,2025-08-01 15:00:18.50424
Group 2,30.73,12.11,2025-08-01 15:00:19.004716
Group 2,30.54,11.74,2025-08-01 15:00:20.004449
